"origin_date","target","target_end_date","horizon","location","output_type","output_type_id","value"
2024-02-14,"ARI incidence",2024-02-11,1,"BE","median","",1406.85882536383
2024-02-14,"ARI incidence",2024-02-11,1,"BE","quantile","0.01",939.944235147426
2024-02-14,"ARI incidence",2024-02-11,1,"BE","quantile","0.025",1005.70154875344
2024-02-14,"ARI incidence",2024-02-11,1,"BE","quantile","0.05",1075.16407310042
2024-02-14,"ARI incidence",2024-02-11,1,"BE","quantile","0.1",1151.74587920281
2024-02-14,"ARI incidence",2024-02-11,1,"BE","quantile","0.15",1200.18988278378
2024-02-14,"ARI incidence",2024-02-11,1,"BE","quantile","0.2",1238.43349351663
2024-02-14,"ARI incidence",2024-02-11,1,"BE","quantile","0.25",1269.97619705359
2024-02-14,"ARI incidence",2024-02-11,1,"BE","quantile","0.3",1302.72188938553
2024-02-14,"ARI incidence",2024-02-11,1,"BE","quantile","0.35",1331.09556230631
2024-02-14,"ARI incidence",2024-02-11,1,"BE","quantile","0.4",1356.12143118903
2024-02-14,"ARI incidence",2024-02-11,1,"BE","quantile","0.45",1379.61333052227
2024-02-14,"ARI incidence",2024-02-11,1,"BE","quantile","0.5",1404.56698418406
2024-02-14,"ARI incidence",2024-02-11,1,"BE","quantile","0.55",1429.10186822345
2024-02-14,"ARI incidence",2024-02-11,1,"BE","quantile","0.6",1453.24708288239
2024-02-14,"ARI incidence",2024-02-11,1,"BE","quantile","0.65",1479.71983242971
2024-02-14,"ARI incidence",2024-02-11,1,"BE","quantile","0.7",1508.78305170384
2024-02-14,"ARI incidence",2024-02-11,1,"BE","quantile","0.75",1538.97646000291
2024-02-14,"ARI incidence",2024-02-11,1,"BE","quantile","0.8",1571.13354688095
2024-02-14,"ARI incidence",2024-02-11,1,"BE","quantile","0.85",1605.99476286006
2024-02-14,"ARI incidence",2024-02-11,1,"BE","quantile","0.9",1654.96569342785
2024-02-14,"ARI incidence",2024-02-11,1,"BE","quantile","0.95",1726.06287541089
2024-02-14,"ARI incidence",2024-02-11,1,"BE","quantile","0.975",1788.87399796016
2024-02-14,"ARI incidence",2024-02-11,1,"BE","quantile","0.99",1864.62408896763
2024-02-14,"ARI incidence",2024-02-18,2,"BE","median","",1406.2090163429
2024-02-14,"ARI incidence",2024-02-18,2,"BE","quantile","0.01",752.245195147572
2024-02-14,"ARI incidence",2024-02-18,2,"BE","quantile","0.025",864.39533216345
2024-02-14,"ARI incidence",2024-02-18,2,"BE","quantile","0.05",951.355794094
2024-02-14,"ARI incidence",2024-02-18,2,"BE","quantile","0.1",1046.41400566498
2024-02-14,"ARI incidence",2024-02-18,2,"BE","quantile","0.15",1114.33035188418
2024-02-14,"ARI incidence",2024-02-18,2,"BE","quantile","0.2",1167.19970288902
2024-02-14,"ARI incidence",2024-02-18,2,"BE","quantile","0.25",1212.65044750155
2024-02-14,"ARI incidence",2024-02-18,2,"BE","quantile","0.3",1253.15464705249
2024-02-14,"ARI incidence",2024-02-18,2,"BE","quantile","0.35",1293.82551612873
2024-02-14,"ARI incidence",2024-02-18,2,"BE","quantile","0.4",1332.20739493451
2024-02-14,"ARI incidence",2024-02-18,2,"BE","quantile","0.45",1369.84904274424
2024-02-14,"ARI incidence",2024-02-18,2,"BE","quantile","0.5",1403.59828143861
2024-02-14,"ARI incidence",2024-02-18,2,"BE","quantile","0.55",1439.93060066214
2024-02-14,"ARI incidence",2024-02-18,2,"BE","quantile","0.6",1476.35895114815
2024-02-14,"ARI incidence",2024-02-18,2,"BE","quantile","0.65",1512.59840485795
2024-02-14,"ARI incidence",2024-02-18,2,"BE","quantile","0.7",1549.91795025224
2024-02-14,"ARI incidence",2024-02-18,2,"BE","quantile","0.75",1590.84613021232
2024-02-14,"ARI incidence",2024-02-18,2,"BE","quantile","0.8",1639.98885433424
2024-02-14,"ARI incidence",2024-02-18,2,"BE","quantile","0.85",1694.28847181683
2024-02-14,"ARI incidence",2024-02-18,2,"BE","quantile","0.9",1766.53859017704
2024-02-14,"ARI incidence",2024-02-18,2,"BE","quantile","0.95",1864.687290731
2024-02-14,"ARI incidence",2024-02-18,2,"BE","quantile","0.975",1949.52550268259
2024-02-14,"ARI incidence",2024-02-18,2,"BE","quantile","0.99",2054.25328222644
2024-02-14,"ARI incidence",2024-02-25,3,"BE","median","",1405.55920732197
2024-02-14,"ARI incidence",2024-02-25,3,"BE","quantile","0.01",617.461660867442
2024-02-14,"ARI incidence",2024-02-25,3,"BE","quantile","0.025",729.258517336515
2024-02-14,"ARI incidence",2024-02-25,3,"BE","quantile","0.05",844.10063932879
2024-02-14,"ARI incidence",2024-02-25,3,"BE","quantile","0.1",972.154314466713
2024-02-14,"ARI incidence",2024-02-25,3,"BE","quantile","0.15",1047.31309155247
2024-02-14,"ARI incidence",2024-02-25,3,"BE","quantile","0.2",1113.3444205912
2024-02-14,"ARI incidence",2024-02-25,3,"BE","quantile","0.25",1174.13134015609
2024-02-14,"ARI incidence",2024-02-25,3,"BE","quantile","0.3",1223.09549088566
2024-02-14,"ARI incidence",2024-02-25,3,"BE","quantile","0.35",1266.86146195083
2024-02-14,"ARI incidence",2024-02-25,3,"BE","quantile","0.4",1313.93785825396
2024-02-14,"ARI incidence",2024-02-25,3,"BE","quantile","0.45",1359.42956179062
2024-02-14,"ARI incidence",2024-02-25,3,"BE","quantile","0.5",1403.06314558645
2024-02-14,"ARI incidence",2024-02-25,3,"BE","quantile","0.55",1444.00112885692
2024-02-14,"ARI incidence",2024-02-25,3,"BE","quantile","0.6",1489.65289953202
2024-02-14,"ARI incidence",2024-02-25,3,"BE","quantile","0.65",1533.86478533979
2024-02-14,"ARI incidence",2024-02-25,3,"BE","quantile","0.7",1585.21543894024
2024-02-14,"ARI incidence",2024-02-25,3,"BE","quantile","0.75",1640.61707619858
2024-02-14,"ARI incidence",2024-02-25,3,"BE","quantile","0.8",1696.32882457592
2024-02-14,"ARI incidence",2024-02-25,3,"BE","quantile","0.85",1771.8184472222
2024-02-14,"ARI incidence",2024-02-25,3,"BE","quantile","0.9",1855.01451123006
2024-02-14,"ARI incidence",2024-02-25,3,"BE","quantile","0.95",1987.13523403374
2024-02-14,"ARI incidence",2024-02-25,3,"BE","quantile","0.975",2096.21245779239
2024-02-14,"ARI incidence",2024-02-25,3,"BE","quantile","0.99",2210.4984289493
2024-02-14,"ARI incidence",2024-03-03,4,"BE","median","",1404.90939830104
2024-02-14,"ARI incidence",2024-03-03,4,"BE","quantile","0.01",500.16488168266
2024-02-14,"ARI incidence",2024-03-03,4,"BE","quantile","0.025",640.445897415205
2024-02-14,"ARI incidence",2024-03-03,4,"BE","quantile","0.05",756.518588787953
2024-02-14,"ARI incidence",2024-03-03,4,"BE","quantile","0.1",893.78220492806
2024-02-14,"ARI incidence",2024-03-03,4,"BE","quantile","0.15",992.575106100368
2024-02-14,"ARI incidence",2024-03-03,4,"BE","quantile","0.2",1068.63691319443
2024-02-14,"ARI incidence",2024-03-03,4,"BE","quantile","0.25",1137.33546805204
2024-02-14,"ARI incidence",2024-03-03,4,"BE","quantile","0.3",1195.48144813569
2024-02-14,"ARI incidence",2024-03-03,4,"BE","quantile","0.35",1250.7212005059
2024-02-14,"ARI incidence",2024-03-03,4,"BE","quantile","0.4",1300.63323760196
2024-02-14,"ARI incidence",2024-03-03,4,"BE","quantile","0.45",1352.00155628151
2024-02-14,"ARI incidence",2024-03-03,4,"BE","quantile","0.5",1405.81892145983
2024-02-14,"ARI incidence",2024-03-03,4,"BE","quantile","0.55",1459.10813746666
2024-02-14,"ARI incidence",2024-03-03,4,"BE","quantile","0.6",1511.51767522074
2024-02-14,"ARI incidence",2024-03-03,4,"BE","quantile","0.65",1562.90374114654
2024-02-14,"ARI incidence",2024-03-03,4,"BE","quantile","0.7",1618.67701305317
2024-02-14,"ARI incidence",2024-03-03,4,"BE","quantile","0.75",1677.90136521716
2024-02-14,"ARI incidence",2024-03-03,4,"BE","quantile","0.8",1747.0153793795
2024-02-14,"ARI incidence",2024-03-03,4,"BE","quantile","0.85",1820.22173978793
2024-02-14,"ARI incidence",2024-03-03,4,"BE","quantile","0.9",1921.11238162707
2024-02-14,"ARI incidence",2024-03-03,4,"BE","quantile","0.95",2061.59406169508
2024-02-14,"ARI incidence",2024-03-03,4,"BE","quantile","0.975",2190.67622003432
2024-02-14,"ARI incidence",2024-03-03,4,"BE","quantile","0.99",2331.08802929463
2024-02-14,"ARI incidence",2024-02-11,1,"BG","median","",415.775940114984
2024-02-14,"ARI incidence",2024-02-11,1,"BG","quantile","0.01",0
2024-02-14,"ARI incidence",2024-02-11,1,"BG","quantile","0.025",0
2024-02-14,"ARI incidence",2024-02-11,1,"BG","quantile","0.05",46.5910739155352
2024-02-14,"ARI incidence",2024-02-11,1,"BG","quantile","0.1",127.432448665641
2024-02-14,"ARI incidence",2024-02-11,1,"BG","quantile","0.15",185.24468729055
2024-02-14,"ARI incidence",2024-02-11,1,"BG","quantile","0.2",231.372547157242
2024-02-14,"ARI incidence",2024-02-11,1,"BG","quantile","0.25",268.275468636818
2024-02-14,"ARI incidence",2024-02-11,1,"BG","quantile","0.3",300.905690999068
2024-02-14,"ARI incidence",2024-02-11,1,"BG","quantile","0.35",331.778871523464
2024-02-14,"ARI incidence",2024-02-11,1,"BG","quantile","0.4",361.75409448277
2024-02-14,"ARI incidence",2024-02-11,1,"BG","quantile","0.45",390.127338324378
2024-02-14,"ARI incidence",2024-02-11,1,"BG","quantile","0.5",417.188483821186
2024-02-14,"ARI incidence",2024-02-11,1,"BG","quantile","0.55",444.558176814146
2024-02-14,"ARI incidence",2024-02-11,1,"BG","quantile","0.6",473.564103613378
2024-02-14,"ARI incidence",2024-02-11,1,"BG","quantile","0.65",503.521398727157
2024-02-14,"ARI incidence",2024-02-11,1,"BG","quantile","0.7",534.285285297887
2024-02-14,"ARI incidence",2024-02-11,1,"BG","quantile","0.75",567.497977208309
2024-02-14,"ARI incidence",2024-02-11,1,"BG","quantile","0.8",601.96216077704
2024-02-14,"ARI incidence",2024-02-11,1,"BG","quantile","0.85",643.723145615496
2024-02-14,"ARI incidence",2024-02-11,1,"BG","quantile","0.9",698.455705605594
2024-02-14,"ARI incidence",2024-02-11,1,"BG","quantile","0.95",780.400458760148
2024-02-14,"ARI incidence",2024-02-11,1,"BG","quantile","0.975",847.381559113261
2024-02-14,"ARI incidence",2024-02-11,1,"BG","quantile","0.99",936.187178082835
2024-02-14,"ARI incidence",2024-02-18,2,"BG","median","",412.715419270366
2024-02-14,"ARI incidence",2024-02-18,2,"BG","quantile","0.01",0
2024-02-14,"ARI incidence",2024-02-18,2,"BG","quantile","0.025",0
2024-02-14,"ARI incidence",2024-02-18,2,"BG","quantile","0.05",0
2024-02-14,"ARI incidence",2024-02-18,2,"BG","quantile","0.1",27.3328528415616
2024-02-14,"ARI incidence",2024-02-18,2,"BG","quantile","0.15",99.4479893871585
2024-02-14,"ARI incidence",2024-02-18,2,"BG","quantile","0.2",156.209359605265
2024-02-14,"ARI incidence",2024-02-18,2,"BG","quantile","0.25",212.51213412457
2024-02-14,"ARI incidence",2024-02-18,2,"BG","quantile","0.3",257.759705872103
2024-02-14,"ARI incidence",2024-02-18,2,"BG","quantile","0.35",299.359551043077
2024-02-14,"ARI incidence",2024-02-18,2,"BG","quantile","0.4",340.98489650208
2024-02-14,"ARI incidence",2024-02-18,2,"BG","quantile","0.45",379.555500962437
2024-02-14,"ARI incidence",2024-02-18,2,"BG","quantile","0.5",416.672199732505
2024-02-14,"ARI incidence",2024-02-18,2,"BG","quantile","0.55",453.58320529185
2024-02-14,"ARI incidence",2024-02-18,2,"BG","quantile","0.6",490.880774247152
2024-02-14,"ARI incidence",2024-02-18,2,"BG","quantile","0.65",529.02054564595
2024-02-14,"ARI incidence",2024-02-18,2,"BG","quantile","0.7",566.857280574672
2024-02-14,"ARI incidence",2024-02-18,2,"BG","quantile","0.75",610.779381435413
2024-02-14,"ARI incidence",2024-02-18,2,"BG","quantile","0.8",664.752058711351
2024-02-14,"ARI incidence",2024-02-18,2,"BG","quantile","0.85",727.458101021911
2024-02-14,"ARI incidence",2024-02-18,2,"BG","quantile","0.9",801.098035229239
2024-02-14,"ARI incidence",2024-02-18,2,"BG","quantile","0.95",904.510549011486
2024-02-14,"ARI incidence",2024-02-18,2,"BG","quantile","0.975",995.154232753326
2024-02-14,"ARI incidence",2024-02-18,2,"BG","quantile","0.99",1101.35102416566
2024-02-14,"ARI incidence",2024-02-25,3,"BG","median","",409.654898425748
2024-02-14,"ARI incidence",2024-02-25,3,"BG","quantile","0.01",0
2024-02-14,"ARI incidence",2024-02-25,3,"BG","quantile","0.025",0
2024-02-14,"ARI incidence",2024-02-25,3,"BG","quantile","0.05",0
2024-02-14,"ARI incidence",2024-02-25,3,"BG","quantile","0.1",0
2024-02-14,"ARI incidence",2024-02-25,3,"BG","quantile","0.15",32.561170964389
2024-02-14,"ARI incidence",2024-02-25,3,"BG","quantile","0.2",103.119406366535
2024-02-14,"ARI incidence",2024-02-25,3,"BG","quantile","0.25",165.320512966314
2024-02-14,"ARI incidence",2024-02-25,3,"BG","quantile","0.3",220.022900225618
2024-02-14,"ARI incidence",2024-02-25,3,"BG","quantile","0.35",269.691541005991
2024-02-14,"ARI incidence",2024-02-25,3,"BG","quantile","0.4",318.279529419952
2024-02-14,"ARI incidence",2024-02-25,3,"BG","quantile","0.45",364.279860233955
2024-02-14,"ARI incidence",2024-02-25,3,"BG","quantile","0.5",409.997742269725
2024-02-14,"ARI incidence",2024-02-25,3,"BG","quantile","0.55",457.191624321498
2024-02-14,"ARI incidence",2024-02-25,3,"BG","quantile","0.6",505.765900924317
2024-02-14,"ARI incidence",2024-02-25,3,"BG","quantile","0.65",553.136303409914
2024-02-14,"ARI incidence",2024-02-25,3,"BG","quantile","0.7",602.495805703123
2024-02-14,"ARI incidence",2024-02-25,3,"BG","quantile","0.75",656.229910446183
2024-02-14,"ARI incidence",2024-02-25,3,"BG","quantile","0.8",714.421982656755
2024-02-14,"ARI incidence",2024-02-25,3,"BG","quantile","0.85",787.910912634268
2024-02-14,"ARI incidence",2024-02-25,3,"BG","quantile","0.9",881.017262426763
2024-02-14,"ARI incidence",2024-02-25,3,"BG","quantile","0.95",1007.95976175451
2024-02-14,"ARI incidence",2024-02-25,3,"BG","quantile","0.975",1130.51241116802
2024-02-14,"ARI incidence",2024-02-25,3,"BG","quantile","0.99",1278.10684019299
2024-02-14,"ARI incidence",2024-03-03,4,"BG","median","",406.594377581131
2024-02-14,"ARI incidence",2024-03-03,4,"BG","quantile","0.01",0
2024-02-14,"ARI incidence",2024-03-03,4,"BG","quantile","0.025",0
2024-02-14,"ARI incidence",2024-03-03,4,"BG","quantile","0.05",0
2024-02-14,"ARI incidence",2024-03-03,4,"BG","quantile","0.1",0
2024-02-14,"ARI incidence",2024-03-03,4,"BG","quantile","0.15",0
2024-02-14,"ARI incidence",2024-03-03,4,"BG","quantile","0.2",52.0713143679002
2024-02-14,"ARI incidence",2024-03-03,4,"BG","quantile","0.25",126.545226327062
2024-02-14,"ARI incidence",2024-03-03,4,"BG","quantile","0.3",187.195217037119
2024-02-14,"ARI incidence",2024-03-03,4,"BG","quantile","0.35",245.73013647927
2024-02-14,"ARI incidence",2024-03-03,4,"BG","quantile","0.4",300.551250393549
2024-02-14,"ARI incidence",2024-03-03,4,"BG","quantile","0.45",352.663266148806
2024-02-14,"ARI incidence",2024-03-03,4,"BG","quantile","0.5",401.994992829201
2024-02-14,"ARI incidence",2024-03-03,4,"BG","quantile","0.55",456.615844753583
2024-02-14,"ARI incidence",2024-03-03,4,"BG","quantile","0.6",509.267004468596
2024-02-14,"ARI incidence",2024-03-03,4,"BG","quantile","0.65",564.258096775634
2024-02-14,"ARI incidence",2024-03-03,4,"BG","quantile","0.7",620.994715121639
2024-02-14,"ARI incidence",2024-03-03,4,"BG","quantile","0.75",679.349149874307
2024-02-14,"ARI incidence",2024-03-03,4,"BG","quantile","0.8",747.450173649942
2024-02-14,"ARI incidence",2024-03-03,4,"BG","quantile","0.85",836.376835760866
2024-02-14,"ARI incidence",2024-03-03,4,"BG","quantile","0.9",941.421317928286
2024-02-14,"ARI incidence",2024-03-03,4,"BG","quantile","0.95",1091.06007532289
2024-02-14,"ARI incidence",2024-03-03,4,"BG","quantile","0.975",1230.24837781546
2024-02-14,"ARI incidence",2024-03-03,4,"BG","quantile","0.99",1376.22888161645
2024-02-14,"ARI incidence",2024-02-11,1,"CZ","median","",794.046005624608
2024-02-14,"ARI incidence",2024-02-11,1,"CZ","quantile","0.01",519.217388386692
2024-02-14,"ARI incidence",2024-02-11,1,"CZ","quantile","0.025",564.383774636911
2024-02-14,"ARI incidence",2024-02-11,1,"CZ","quantile","0.05",599.0443080889
2024-02-14,"ARI incidence",2024-02-11,1,"CZ","quantile","0.1",642.922256746243
2024-02-14,"ARI incidence",2024-02-11,1,"CZ","quantile","0.15",669.151883723407
2024-02-14,"ARI incidence",2024-02-11,1,"CZ","quantile","0.2",691.883477075291
2024-02-14,"ARI incidence",2024-02-11,1,"CZ","quantile","0.25",711.733167911637
2024-02-14,"ARI incidence",2024-02-11,1,"CZ","quantile","0.3",730.68291296629
2024-02-14,"ARI incidence",2024-02-11,1,"CZ","quantile","0.35",746.588934787083
2024-02-14,"ARI incidence",2024-02-11,1,"CZ","quantile","0.4",762.600821361883
2024-02-14,"ARI incidence",2024-02-11,1,"CZ","quantile","0.45",778.015832692113
2024-02-14,"ARI incidence",2024-02-11,1,"CZ","quantile","0.5",793.443510103535
2024-02-14,"ARI incidence",2024-02-11,1,"CZ","quantile","0.55",808.285559093195
2024-02-14,"ARI incidence",2024-02-11,1,"CZ","quantile","0.6",823.459748512853
2024-02-14,"ARI incidence",2024-02-11,1,"CZ","quantile","0.65",838.471508538305
2024-02-14,"ARI incidence",2024-02-11,1,"CZ","quantile","0.7",854.655934197647
2024-02-14,"ARI incidence",2024-02-11,1,"CZ","quantile","0.75",871.789750239222
2024-02-14,"ARI incidence",2024-02-11,1,"CZ","quantile","0.8",889.447879256933
2024-02-14,"ARI incidence",2024-02-11,1,"CZ","quantile","0.85",912.976613327953
2024-02-14,"ARI incidence",2024-02-11,1,"CZ","quantile","0.9",943.439897134778
2024-02-14,"ARI incidence",2024-02-11,1,"CZ","quantile","0.95",985.333287313702
2024-02-14,"ARI incidence",2024-02-11,1,"CZ","quantile","0.975",1022.50717340995
2024-02-14,"ARI incidence",2024-02-11,1,"CZ","quantile","0.99",1071.52255362711
2024-02-14,"ARI incidence",2024-02-18,2,"CZ","median","",791.589896131262
2024-02-14,"ARI incidence",2024-02-18,2,"CZ","quantile","0.01",391.022132520265
2024-02-14,"ARI incidence",2024-02-18,2,"CZ","quantile","0.025",459.533846555407
2024-02-14,"ARI incidence",2024-02-18,2,"CZ","quantile","0.05",516.268843489967
2024-02-14,"ARI incidence",2024-02-18,2,"CZ","quantile","0.1",573.926816480381
2024-02-14,"ARI incidence",2024-02-18,2,"CZ","quantile","0.15",614.697938358396
2024-02-14,"ARI incidence",2024-02-18,2,"CZ","quantile","0.2",651.552021567193
2024-02-14,"ARI incidence",2024-02-18,2,"CZ","quantile","0.25",677.828289706643
2024-02-14,"ARI incidence",2024-02-18,2,"CZ","quantile","0.3",702.30868040077
2024-02-14,"ARI incidence",2024-02-18,2,"CZ","quantile","0.35",724.594472934672
2024-02-14,"ARI incidence",2024-02-18,2,"CZ","quantile","0.4",747.006337924976
2024-02-14,"ARI incidence",2024-02-18,2,"CZ","quantile","0.45",766.807962454653
2024-02-14,"ARI incidence",2024-02-18,2,"CZ","quantile","0.5",788.080689619851
2024-02-14,"ARI incidence",2024-02-18,2,"CZ","quantile","0.55",809.569421589034
2024-02-14,"ARI incidence",2024-02-18,2,"CZ","quantile","0.6",829.354802876995
2024-02-14,"ARI incidence",2024-02-18,2,"CZ","quantile","0.65",852.426315870184
2024-02-14,"ARI incidence",2024-02-18,2,"CZ","quantile","0.7",875.406122109959
2024-02-14,"ARI incidence",2024-02-18,2,"CZ","quantile","0.75",901.759480781092
2024-02-14,"ARI incidence",2024-02-18,2,"CZ","quantile","0.8",929.560361324872
2024-02-14,"ARI incidence",2024-02-18,2,"CZ","quantile","0.85",958.950141677764
2024-02-14,"ARI incidence",2024-02-18,2,"CZ","quantile","0.9",1000.59217562615
2024-02-14,"ARI incidence",2024-02-18,2,"CZ","quantile","0.95",1063.63730447137
2024-02-14,"ARI incidence",2024-02-18,2,"CZ","quantile","0.975",1119.03890618958
2024-02-14,"ARI incidence",2024-02-18,2,"CZ","quantile","0.99",1182.17330864891
2024-02-14,"ARI incidence",2024-02-25,3,"CZ","median","",789.133786637916
2024-02-14,"ARI incidence",2024-02-25,3,"CZ","quantile","0.01",296.51681767338
2024-02-14,"ARI incidence",2024-02-25,3,"CZ","quantile","0.025",379.217323673797
2024-02-14,"ARI incidence",2024-02-25,3,"CZ","quantile","0.05",453.674564325255
2024-02-14,"ARI incidence",2024-02-25,3,"CZ","quantile","0.1",525.851468145231
2024-02-14,"ARI incidence",2024-02-25,3,"CZ","quantile","0.15",574.192487361943
2024-02-14,"ARI incidence",2024-02-25,3,"CZ","quantile","0.2",616.109490743332
2024-02-14,"ARI incidence",2024-02-25,3,"CZ","quantile","0.25",648.469406902651
2024-02-14,"ARI incidence",2024-02-25,3,"CZ","quantile","0.3",681.043483747363
2024-02-14,"ARI incidence",2024-02-25,3,"CZ","quantile","0.35",710.019516947734
2024-02-14,"ARI incidence",2024-02-25,3,"CZ","quantile","0.4",736.28672984363
2024-02-14,"ARI incidence",2024-02-25,3,"CZ","quantile","0.45",762.23182708185
2024-02-14,"ARI incidence",2024-02-25,3,"CZ","quantile","0.5",787.259267660909
2024-02-14,"ARI incidence",2024-02-25,3,"CZ","quantile","0.55",812.083655290968
2024-02-14,"ARI incidence",2024-02-25,3,"CZ","quantile","0.6",840.536540670602
2024-02-14,"ARI incidence",2024-02-25,3,"CZ","quantile","0.65",865.202102276237
2024-02-14,"ARI incidence",2024-02-25,3,"CZ","quantile","0.7",893.036065537522
2024-02-14,"ARI incidence",2024-02-25,3,"CZ","quantile","0.75",923.600668438477
2024-02-14,"ARI incidence",2024-02-25,3,"CZ","quantile","0.8",956.5688730191
2024-02-14,"ARI incidence",2024-02-25,3,"CZ","quantile","0.85",996.990339162725
2024-02-14,"ARI incidence",2024-02-25,3,"CZ","quantile","0.9",1047.16615720559
2024-02-14,"ARI incidence",2024-02-25,3,"CZ","quantile","0.95",1119.45485893196
2024-02-14,"ARI incidence",2024-02-25,3,"CZ","quantile","0.975",1183.3728173773
2024-02-14,"ARI incidence",2024-02-25,3,"CZ","quantile","0.99",1262.22969401779
2024-02-14,"ARI incidence",2024-03-03,4,"CZ","median","",786.67767714457
2024-02-14,"ARI incidence",2024-03-03,4,"CZ","quantile","0.01",218.063537310355
2024-02-14,"ARI incidence",2024-03-03,4,"CZ","quantile","0.025",305.866213801492
2024-02-14,"ARI incidence",2024-03-03,4,"CZ","quantile","0.05",393.434372848716
2024-02-14,"ARI incidence",2024-03-03,4,"CZ","quantile","0.1",480.331078635796
2024-02-14,"ARI incidence",2024-03-03,4,"CZ","quantile","0.15",537.580666237803
2024-02-14,"ARI incidence",2024-03-03,4,"CZ","quantile","0.2",583.704797769521
2024-02-14,"ARI incidence",2024-03-03,4,"CZ","quantile","0.25",623.583704415637
2024-02-14,"ARI incidence",2024-03-03,4,"CZ","quantile","0.3",661.157603824616
2024-02-14,"ARI incidence",2024-03-03,4,"CZ","quantile","0.35",693.53717904011
2024-02-14,"ARI incidence",2024-03-03,4,"CZ","quantile","0.4",727.423490759877
2024-02-14,"ARI incidence",2024-03-03,4,"CZ","quantile","0.45",757.942958105437
2024-02-14,"ARI incidence",2024-03-03,4,"CZ","quantile","0.5",788.525514813529
2024-02-14,"ARI incidence",2024-03-03,4,"CZ","quantile","0.55",817.52650730086
2024-02-14,"ARI incidence",2024-03-03,4,"CZ","quantile","0.6",847.919607582205
2024-02-14,"ARI incidence",2024-03-03,4,"CZ","quantile","0.65",877.973570016266
2024-02-14,"ARI incidence",2024-03-03,4,"CZ","quantile","0.7",911.664499657466
2024-02-14,"ARI incidence",2024-03-03,4,"CZ","quantile","0.75",946.332539454168
2024-02-14,"ARI incidence",2024-03-03,4,"CZ","quantile","0.8",983.983134930807
2024-02-14,"ARI incidence",2024-03-03,4,"CZ","quantile","0.85",1029.70352520022
2024-02-14,"ARI incidence",2024-03-03,4,"CZ","quantile","0.9",1086.68684966458
2024-02-14,"ARI incidence",2024-03-03,4,"CZ","quantile","0.95",1169.27776212234
2024-02-14,"ARI incidence",2024-03-03,4,"CZ","quantile","0.975",1247.24785294955
2024-02-14,"ARI incidence",2024-03-03,4,"CZ","quantile","0.99",1337.40116313306
2024-02-14,"ARI incidence",2024-02-11,1,"EE","median","",286.787166881592
2024-02-14,"ARI incidence",2024-02-11,1,"EE","quantile","0.01",153.015885399517
2024-02-14,"ARI incidence",2024-02-11,1,"EE","quantile","0.025",175.420768610602
2024-02-14,"ARI incidence",2024-02-11,1,"EE","quantile","0.05",194.069399301952
2024-02-14,"ARI incidence",2024-02-11,1,"EE","quantile","0.1",213.402151248679
2024-02-14,"ARI incidence",2024-02-11,1,"EE","quantile","0.15",227.722719374894
2024-02-14,"ARI incidence",2024-02-11,1,"EE","quantile","0.2",238.886254269926
2024-02-14,"ARI incidence",2024-02-11,1,"EE","quantile","0.25",248.228216268092
2024-02-14,"ARI incidence",2024-02-11,1,"EE","quantile","0.3",256.245703995405
2024-02-14,"ARI incidence",2024-02-11,1,"EE","quantile","0.35",264.573455965958
2024-02-14,"ARI incidence",2024-02-11,1,"EE","quantile","0.4",271.32740849609
2024-02-14,"ARI incidence",2024-02-11,1,"EE","quantile","0.45",278.768432043448
2024-02-14,"ARI incidence",2024-02-11,1,"EE","quantile","0.5",285.724113595601
2024-02-14,"ARI incidence",2024-02-11,1,"EE","quantile","0.55",292.596091079711
2024-02-14,"ARI incidence",2024-02-11,1,"EE","quantile","0.6",299.922278735804
2024-02-14,"ARI incidence",2024-02-11,1,"EE","quantile","0.65",307.438083673027
2024-02-14,"ARI incidence",2024-02-11,1,"EE","quantile","0.7",315.082878059948
2024-02-14,"ARI incidence",2024-02-11,1,"EE","quantile","0.75",323.354681871687
2024-02-14,"ARI incidence",2024-02-11,1,"EE","quantile","0.8",333.126626922393
2024-02-14,"ARI incidence",2024-02-11,1,"EE","quantile","0.85",344.139807116136
2024-02-14,"ARI incidence",2024-02-11,1,"EE","quantile","0.9",357.79277841429
2024-02-14,"ARI incidence",2024-02-11,1,"EE","quantile","0.95",378.020304613479
2024-02-14,"ARI incidence",2024-02-11,1,"EE","quantile","0.975",393.733418759894
2024-02-14,"ARI incidence",2024-02-11,1,"EE","quantile","0.99",412.849707976013
2024-02-14,"ARI incidence",2024-02-18,2,"EE","median","",287.294295058382
2024-02-14,"ARI incidence",2024-02-18,2,"EE","quantile","0.01",110.87072798144
2024-02-14,"ARI incidence",2024-02-18,2,"EE","quantile","0.025",137.608062704528
2024-02-14,"ARI incidence",2024-02-18,2,"EE","quantile","0.05",161.177458648995
2024-02-14,"ARI incidence",2024-02-18,2,"EE","quantile","0.1",191.250786000755
2024-02-14,"ARI incidence",2024-02-18,2,"EE","quantile","0.15",209.20459763354
2024-02-14,"ARI incidence",2024-02-18,2,"EE","quantile","0.2",222.89969926738
2024-02-14,"ARI incidence",2024-02-18,2,"EE","quantile","0.25",235.599306486266
2024-02-14,"ARI incidence",2024-02-18,2,"EE","quantile","0.3",247.176959426022
2024-02-14,"ARI incidence",2024-02-18,2,"EE","quantile","0.35",257.758307726511
2024-02-14,"ARI incidence",2024-02-18,2,"EE","quantile","0.4",267.690222170767
2024-02-14,"ARI incidence",2024-02-18,2,"EE","quantile","0.45",277.426397522986
2024-02-14,"ARI incidence",2024-02-18,2,"EE","quantile","0.5",286.621882114007
2024-02-14,"ARI incidence",2024-02-18,2,"EE","quantile","0.55",296.500945068337
2024-02-14,"ARI incidence",2024-02-18,2,"EE","quantile","0.6",306.665034121743
2024-02-14,"ARI incidence",2024-02-18,2,"EE","quantile","0.65",316.114651382021
2024-02-14,"ARI incidence",2024-02-18,2,"EE","quantile","0.7",326.991954125964
2024-02-14,"ARI incidence",2024-02-18,2,"EE","quantile","0.75",338.802854864048
2024-02-14,"ARI incidence",2024-02-18,2,"EE","quantile","0.8",351.593059934142
2024-02-14,"ARI incidence",2024-02-18,2,"EE","quantile","0.85",365.229441553097
2024-02-14,"ARI incidence",2024-02-18,2,"EE","quantile","0.9",383.907922586398
2024-02-14,"ARI incidence",2024-02-18,2,"EE","quantile","0.95",412.396574498583
2024-02-14,"ARI incidence",2024-02-18,2,"EE","quantile","0.975",436.57612850939
2024-02-14,"ARI incidence",2024-02-18,2,"EE","quantile","0.99",466.618707154857
2024-02-14,"ARI incidence",2024-02-25,3,"EE","median","",287.801423235172
2024-02-14,"ARI incidence",2024-02-25,3,"EE","quantile","0.01",79.5938438444105
2024-02-14,"ARI incidence",2024-02-25,3,"EE","quantile","0.025",110.124984558373
2024-02-14,"ARI incidence",2024-02-25,3,"EE","quantile","0.05",137.404854143497
2024-02-14,"ARI incidence",2024-02-25,3,"EE","quantile","0.1",170.166449232925
2024-02-14,"ARI incidence",2024-02-25,3,"EE","quantile","0.15",192.265176560819
2024-02-14,"ARI incidence",2024-02-25,3,"EE","quantile","0.2",210.645330102451
2024-02-14,"ARI incidence",2024-02-25,3,"EE","quantile","0.25",225.377435292535
2024-02-14,"ARI incidence",2024-02-25,3,"EE","quantile","0.3",239.478200824101
2024-02-14,"ARI incidence",2024-02-25,3,"EE","quantile","0.35",251.66944608836
2024-02-14,"ARI incidence",2024-02-25,3,"EE","quantile","0.4",262.871573155357
2024-02-14,"ARI incidence",2024-02-25,3,"EE","quantile","0.45",274.901054178698
2024-02-14,"ARI incidence",2024-02-25,3,"EE","quantile","0.5",286.509837507453
2024-02-14,"ARI incidence",2024-02-25,3,"EE","quantile","0.55",298.642344011626
2024-02-14,"ARI incidence",2024-02-25,3,"EE","quantile","0.6",310.384684864304
2024-02-14,"ARI incidence",2024-02-25,3,"EE","quantile","0.65",322.830238065563
2024-02-14,"ARI incidence",2024-02-25,3,"EE","quantile","0.7",335.164787124103
2024-02-14,"ARI incidence",2024-02-25,3,"EE","quantile","0.75",349.395603067635
2024-02-14,"ARI incidence",2024-02-25,3,"EE","quantile","0.8",365.43150930671
2024-02-14,"ARI incidence",2024-02-25,3,"EE","quantile","0.85",383.445085569577
2024-02-14,"ARI incidence",2024-02-25,3,"EE","quantile","0.9",406.895648038876
2024-02-14,"ARI incidence",2024-02-25,3,"EE","quantile","0.95",441.707897762563
2024-02-14,"ARI incidence",2024-02-25,3,"EE","quantile","0.975",472.525173978862
2024-02-14,"ARI incidence",2024-02-25,3,"EE","quantile","0.99",505.413955309972
2024-02-14,"ARI incidence",2024-03-03,4,"EE","median","",288.308551411962
2024-02-14,"ARI incidence",2024-03-03,4,"EE","quantile","0.01",43.9869598547017
2024-02-14,"ARI incidence",2024-03-03,4,"EE","quantile","0.025",82.9181458237309
2024-02-14,"ARI incidence",2024-03-03,4,"EE","quantile","0.05",113.716679802221
2024-02-14,"ARI incidence",2024-03-03,4,"EE","quantile","0.1",150.625330114549
2024-02-14,"ARI incidence",2024-03-03,4,"EE","quantile","0.15",177.250585777415
2024-02-14,"ARI incidence",2024-03-03,4,"EE","quantile","0.2",199.085557386594
2024-02-14,"ARI incidence",2024-03-03,4,"EE","quantile","0.25",217.447225277456
2024-02-14,"ARI incidence",2024-03-03,4,"EE","quantile","0.3",233.348757993297
2024-02-14,"ARI incidence",2024-03-03,4,"EE","quantile","0.35",247.167093383997
2024-02-14,"ARI incidence",2024-03-03,4,"EE","quantile","0.4",261.56898844715
2024-02-14,"ARI incidence",2024-03-03,4,"EE","quantile","0.45",276.023143922704
2024-02-14,"ARI incidence",2024-03-03,4,"EE","quantile","0.5",288.953644609624
2024-02-14,"ARI incidence",2024-03-03,4,"EE","quantile","0.55",301.178037102525
2024-02-14,"ARI incidence",2024-03-03,4,"EE","quantile","0.6",315.043517233043
2024-02-14,"ARI incidence",2024-03-03,4,"EE","quantile","0.65",328.427007315523
2024-02-14,"ARI incidence",2024-03-03,4,"EE","quantile","0.7",342.356668075909
2024-02-14,"ARI incidence",2024-03-03,4,"EE","quantile","0.75",357.576386573951
2024-02-14,"ARI incidence",2024-03-03,4,"EE","quantile","0.8",375.172255002344
2024-02-14,"ARI incidence",2024-03-03,4,"EE","quantile","0.85",395.752208012311
2024-02-14,"ARI incidence",2024-03-03,4,"EE","quantile","0.9",424.043013464633
2024-02-14,"ARI incidence",2024-03-03,4,"EE","quantile","0.95",463.191883150861
2024-02-14,"ARI incidence",2024-03-03,4,"EE","quantile","0.975",498.574899208089
2024-02-14,"ARI incidence",2024-03-03,4,"EE","quantile","0.99",544.121873114316
2024-02-14,"ARI incidence",2024-02-11,1,"FI","median","",3869.82422861986
2024-02-14,"ARI incidence",2024-02-11,1,"FI","quantile","0.01",1151.03413613786
2024-02-14,"ARI incidence",2024-02-11,1,"FI","quantile","0.025",1529.84229940451
2024-02-14,"ARI incidence",2024-02-11,1,"FI","quantile","0.05",1922.43886590656
2024-02-14,"ARI incidence",2024-02-11,1,"FI","quantile","0.1",2369.79472792852
2024-02-14,"ARI incidence",2024-02-11,1,"FI","quantile","0.15",2652.39709303147
2024-02-14,"ARI incidence",2024-02-11,1,"FI","quantile","0.2",2873.7746949997
2024-02-14,"ARI incidence",2024-02-11,1,"FI","quantile","0.25",3061.38553908758
2024-02-14,"ARI incidence",2024-02-11,1,"FI","quantile","0.3",3231.05576992647
2024-02-14,"ARI incidence",2024-02-11,1,"FI","quantile","0.35",3399.2928474553
2024-02-14,"ARI incidence",2024-02-11,1,"FI","quantile","0.4",3553.91348831822
2024-02-14,"ARI incidence",2024-02-11,1,"FI","quantile","0.45",3711.67458828624
2024-02-14,"ARI incidence",2024-02-11,1,"FI","quantile","0.5",3857.53209131768
2024-02-14,"ARI incidence",2024-02-11,1,"FI","quantile","0.55",4003.28929336705
2024-02-14,"ARI incidence",2024-02-11,1,"FI","quantile","0.6",4147.27496456967
2024-02-14,"ARI incidence",2024-02-11,1,"FI","quantile","0.65",4313.44684202655
2024-02-14,"ARI incidence",2024-02-11,1,"FI","quantile","0.7",4473.5090412657
2024-02-14,"ARI incidence",2024-02-11,1,"FI","quantile","0.75",4653.17397223453
2024-02-14,"ARI incidence",2024-02-11,1,"FI","quantile","0.8",4853.75654091929
2024-02-14,"ARI incidence",2024-02-11,1,"FI","quantile","0.85",5086.26348757919
2024-02-14,"ARI incidence",2024-02-11,1,"FI","quantile","0.9",5401.55213522642
2024-02-14,"ARI incidence",2024-02-11,1,"FI","quantile","0.95",5832.78002249
2024-02-14,"ARI incidence",2024-02-11,1,"FI","quantile","0.975",6192.70745479097
2024-02-14,"ARI incidence",2024-02-11,1,"FI","quantile","0.99",6603.46017216262
2024-02-14,"ARI incidence",2024-02-18,2,"FI","median","",3859.32004580857
2024-02-14,"ARI incidence",2024-02-18,2,"FI","quantile","0.01",656.848680970087
2024-02-14,"ARI incidence",2024-02-18,2,"FI","quantile","0.025",1200.50158777308
2024-02-14,"ARI incidence",2024-02-18,2,"FI","quantile","0.05",1681.53560281388
2024-02-14,"ARI incidence",2024-02-18,2,"FI","quantile","0.1",2158.97753979624
2024-02-14,"ARI incidence",2024-02-18,2,"FI","quantile","0.15",2464.53909315711
2024-02-14,"ARI incidence",2024-02-18,2,"FI","quantile","0.2",2734.90897052568
2024-02-14,"ARI incidence",2024-02-18,2,"FI","quantile","0.25",2962.19122139654
2024-02-14,"ARI incidence",2024-02-18,2,"FI","quantile","0.3",3176.30354424904
2024-02-14,"ARI incidence",2024-02-18,2,"FI","quantile","0.35",3358.14759882353
2024-02-14,"ARI incidence",2024-02-18,2,"FI","quantile","0.4",3526.01666749785
2024-02-14,"ARI incidence",2024-02-18,2,"FI","quantile","0.45",3689.52347530014
2024-02-14,"ARI incidence",2024-02-18,2,"FI","quantile","0.5",3856.98442220028
2024-02-14,"ARI incidence",2024-02-18,2,"FI","quantile","0.55",4022.72041466577
2024-02-14,"ARI incidence",2024-02-18,2,"FI","quantile","0.6",4200.78106513463
2024-02-14,"ARI incidence",2024-02-18,2,"FI","quantile","0.65",4370.35714581808
2024-02-14,"ARI incidence",2024-02-18,2,"FI","quantile","0.7",4547.75992063408
2024-02-14,"ARI incidence",2024-02-18,2,"FI","quantile","0.75",4748.55985773385
2024-02-14,"ARI incidence",2024-02-18,2,"FI","quantile","0.8",4967.7685284486
2024-02-14,"ARI incidence",2024-02-18,2,"FI","quantile","0.85",5248.28878912875
2024-02-14,"ARI incidence",2024-02-18,2,"FI","quantile","0.9",5579.45162703371
2024-02-14,"ARI incidence",2024-02-18,2,"FI","quantile","0.95",6046.49272147382
2024-02-14,"ARI incidence",2024-02-18,2,"FI","quantile","0.975",6466.91231053507
2024-02-14,"ARI incidence",2024-02-18,2,"FI","quantile","0.99",6963.89144578081
2024-02-14,"ARI incidence",2024-02-25,3,"FI","median","",3848.81586299729
2024-02-14,"ARI incidence",2024-02-25,3,"FI","quantile","0.01",347.986921759061
2024-02-14,"ARI incidence",2024-02-25,3,"FI","quantile","0.025",942.366700788576
2024-02-14,"ARI incidence",2024-02-25,3,"FI","quantile","0.05",1459.0994184922
2024-02-14,"ARI incidence",2024-02-25,3,"FI","quantile","0.1",1974.66723941435
2024-02-14,"ARI incidence",2024-02-25,3,"FI","quantile","0.15",2318.32075152695
2024-02-14,"ARI incidence",2024-02-25,3,"FI","quantile","0.2",2615.46650738189
2024-02-14,"ARI incidence",2024-02-25,3,"FI","quantile","0.25",2868.90631187921
2024-02-14,"ARI incidence",2024-02-25,3,"FI","quantile","0.3",3092.62834906661
2024-02-14,"ARI incidence",2024-02-25,3,"FI","quantile","0.35",3288.92684566298
2024-02-14,"ARI incidence",2024-02-25,3,"FI","quantile","0.4",3482.51819362561
2024-02-14,"ARI incidence",2024-02-25,3,"FI","quantile","0.45",3676.72876223629
2024-02-14,"ARI incidence",2024-02-25,3,"FI","quantile","0.5",3866.1376444996
2024-02-14,"ARI incidence",2024-02-25,3,"FI","quantile","0.55",4067.00440525693
2024-02-14,"ARI incidence",2024-02-25,3,"FI","quantile","0.6",4248.5131875489
2024-02-14,"ARI incidence",2024-02-25,3,"FI","quantile","0.65",4452.26198867585
2024-02-14,"ARI incidence",2024-02-25,3,"FI","quantile","0.7",4648.90654063333
2024-02-14,"ARI incidence",2024-02-25,3,"FI","quantile","0.75",4875.64947124959
2024-02-14,"ARI incidence",2024-02-25,3,"FI","quantile","0.8",5116.57254859387
2024-02-14,"ARI incidence",2024-02-25,3,"FI","quantile","0.85",5391.06850257816
2024-02-14,"ARI incidence",2024-02-25,3,"FI","quantile","0.9",5746.1604350335
2024-02-14,"ARI incidence",2024-02-25,3,"FI","quantile","0.95",6266.50122076913
2024-02-14,"ARI incidence",2024-02-25,3,"FI","quantile","0.975",6721.32213411909
2024-02-14,"ARI incidence",2024-02-25,3,"FI","quantile","0.99",7302.06121122637
2024-02-14,"ARI incidence",2024-03-03,4,"FI","median","",3838.311680186
2024-02-14,"ARI incidence",2024-03-03,4,"FI","quantile","0.01",14.6547195392218
2024-02-14,"ARI incidence",2024-03-03,4,"FI","quantile","0.025",608.709320468349
2024-02-14,"ARI incidence",2024-03-03,4,"FI","quantile","0.05",1125.22387291977
2024-02-14,"ARI incidence",2024-03-03,4,"FI","quantile","0.1",1735.09725260635
2024-02-14,"ARI incidence",2024-03-03,4,"FI","quantile","0.15",2147.7862167968
2024-02-14,"ARI incidence",2024-03-03,4,"FI","quantile","0.2",2451.83405894387
2024-02-14,"ARI incidence",2024-03-03,4,"FI","quantile","0.25",2736.28882729423
2024-02-14,"ARI incidence",2024-03-03,4,"FI","quantile","0.3",2989.26891964511
2024-02-14,"ARI incidence",2024-03-03,4,"FI","quantile","0.35",3206.51518598867
2024-02-14,"ARI incidence",2024-03-03,4,"FI","quantile","0.4",3411.6355649136
2024-02-14,"ARI incidence",2024-03-03,4,"FI","quantile","0.45",3633.0755042782
2024-02-14,"ARI incidence",2024-03-03,4,"FI","quantile","0.5",3843.36208198475
2024-02-14,"ARI incidence",2024-03-03,4,"FI","quantile","0.55",4054.45666837812
2024-02-14,"ARI incidence",2024-03-03,4,"FI","quantile","0.6",4264.40120346186
2024-02-14,"ARI incidence",2024-03-03,4,"FI","quantile","0.65",4471.17946620994
2024-02-14,"ARI incidence",2024-03-03,4,"FI","quantile","0.7",4687.46735899679
2024-02-14,"ARI incidence",2024-03-03,4,"FI","quantile","0.75",4913.62449729304
2024-02-14,"ARI incidence",2024-03-03,4,"FI","quantile","0.8",5181.63477805005
2024-02-14,"ARI incidence",2024-03-03,4,"FI","quantile","0.85",5498.41514080785
2024-02-14,"ARI incidence",2024-03-03,4,"FI","quantile","0.9",5888.48766010589
2024-02-14,"ARI incidence",2024-03-03,4,"FI","quantile","0.95",6453.81078752073
2024-02-14,"ARI incidence",2024-03-03,4,"FI","quantile","0.975",6981.39248600122
2024-02-14,"ARI incidence",2024-03-03,4,"FI","quantile","0.99",7526.18592200287
2024-02-14,"ARI incidence",2024-02-11,1,"FR","median","",166.404827586207
2024-02-14,"ARI incidence",2024-02-11,1,"FR","quantile","0.01",102.732736867865
2024-02-14,"ARI incidence",2024-02-11,1,"FR","quantile","0.025",112.398618904275
2024-02-14,"ARI incidence",2024-02-11,1,"FR","quantile","0.05",120.953618936785
2024-02-14,"ARI incidence",2024-02-11,1,"FR","quantile","0.1",130.842465597965
2024-02-14,"ARI incidence",2024-02-11,1,"FR","quantile","0.15",137.477053256731
2024-02-14,"ARI incidence",2024-02-11,1,"FR","quantile","0.2",143.219896507872
2024-02-14,"ARI incidence",2024-02-11,1,"FR","quantile","0.25",147.802916629613
2024-02-14,"ARI incidence",2024-02-11,1,"FR","quantile","0.3",151.768363194529
2024-02-14,"ARI incidence",2024-02-11,1,"FR","quantile","0.35",155.532037100591
2024-02-14,"ARI incidence",2024-02-11,1,"FR","quantile","0.4",159.203145058262
2024-02-14,"ARI incidence",2024-02-11,1,"FR","quantile","0.45",162.88113388238
2024-02-14,"ARI incidence",2024-02-11,1,"FR","quantile","0.5",166.424369142961
2024-02-14,"ARI incidence",2024-02-11,1,"FR","quantile","0.55",169.798606313991
2024-02-14,"ARI incidence",2024-02-11,1,"FR","quantile","0.6",173.393640373758
2024-02-14,"ARI incidence",2024-02-11,1,"FR","quantile","0.65",176.996535080628
2024-02-14,"ARI incidence",2024-02-11,1,"FR","quantile","0.7",180.703688061234
2024-02-14,"ARI incidence",2024-02-11,1,"FR","quantile","0.75",184.72675981991
2024-02-14,"ARI incidence",2024-02-11,1,"FR","quantile","0.8",189.332537816612
2024-02-14,"ARI incidence",2024-02-11,1,"FR","quantile","0.85",194.394949460626
2024-02-14,"ARI incidence",2024-02-11,1,"FR","quantile","0.9",201.449476771036
2024-02-14,"ARI incidence",2024-02-11,1,"FR","quantile","0.95",210.809946454181
2024-02-14,"ARI incidence",2024-02-11,1,"FR","quantile","0.975",220.006715544583
2024-02-14,"ARI incidence",2024-02-11,1,"FR","quantile","0.99",229.332835963043
2024-02-14,"ARI incidence",2024-02-18,2,"FR","median","",166.404827586207
2024-02-14,"ARI incidence",2024-02-18,2,"FR","quantile","0.01",44.8943760297208
2024-02-14,"ARI incidence",2024-02-18,2,"FR","quantile","0.025",63.6778352832321
2024-02-14,"ARI incidence",2024-02-18,2,"FR","quantile","0.05",79.6375791323782
2024-02-14,"ARI incidence",2024-02-18,2,"FR","quantile","0.1",99.7009788364211
2024-02-14,"ARI incidence",2024-02-18,2,"FR","quantile","0.15",112.49764829565
2024-02-14,"ARI incidence",2024-02-18,2,"FR","quantile","0.2",122.265305441153
2024-02-14,"ARI incidence",2024-02-18,2,"FR","quantile","0.25",131.137212543378
2024-02-14,"ARI incidence",2024-02-18,2,"FR","quantile","0.3",138.898445490421
2024-02-14,"ARI incidence",2024-02-18,2,"FR","quantile","0.35",145.705035278792
2024-02-14,"ARI incidence",2024-02-18,2,"FR","quantile","0.4",152.391828819139
2024-02-14,"ARI incidence",2024-02-18,2,"FR","quantile","0.45",158.87955186795
2024-02-14,"ARI incidence",2024-02-18,2,"FR","quantile","0.5",165.700609174691
2024-02-14,"ARI incidence",2024-02-18,2,"FR","quantile","0.55",171.891638576013
2024-02-14,"ARI incidence",2024-02-18,2,"FR","quantile","0.6",178.089666689925
2024-02-14,"ARI incidence",2024-02-18,2,"FR","quantile","0.65",184.933843714652
2024-02-14,"ARI incidence",2024-02-18,2,"FR","quantile","0.7",192.670627797391
2024-02-14,"ARI incidence",2024-02-18,2,"FR","quantile","0.75",200.667449545066
2024-02-14,"ARI incidence",2024-02-18,2,"FR","quantile","0.8",209.718057470296
2024-02-14,"ARI incidence",2024-02-18,2,"FR","quantile","0.85",219.290462734586
2024-02-14,"ARI incidence",2024-02-18,2,"FR","quantile","0.9",232.251518001946
2024-02-14,"ARI incidence",2024-02-18,2,"FR","quantile","0.95",251.182274687394
2024-02-14,"ARI incidence",2024-02-18,2,"FR","quantile","0.975",266.790028153201
2024-02-14,"ARI incidence",2024-02-18,2,"FR","quantile","0.99",288.078465550456
2024-02-14,"ARI incidence",2024-02-25,3,"FR","median","",166.404827586207
2024-02-14,"ARI incidence",2024-02-25,3,"FR","quantile","0.01",0
2024-02-14,"ARI incidence",2024-02-25,3,"FR","quantile","0.025",5.93659852524928
2024-02-14,"ARI incidence",2024-02-25,3,"FR","quantile","0.05",31.9866594681432
2024-02-14,"ARI incidence",2024-02-25,3,"FR","quantile","0.1",62.9317265361995
2024-02-14,"ARI incidence",2024-02-25,3,"FR","quantile","0.15",81.6187632588842
2024-02-14,"ARI incidence",2024-02-25,3,"FR","quantile","0.2",97.2020678090333
2024-02-14,"ARI incidence",2024-02-25,3,"FR","quantile","0.25",110.757799882576
2024-02-14,"ARI incidence",2024-02-25,3,"FR","quantile","0.3",123.385058067103
2024-02-14,"ARI incidence",2024-02-25,3,"FR","quantile","0.35",134.66497691624
2024-02-14,"ARI incidence",2024-02-25,3,"FR","quantile","0.4",145.107310199699
2024-02-14,"ARI incidence",2024-02-25,3,"FR","quantile","0.45",154.928225727515
2024-02-14,"ARI incidence",2024-02-25,3,"FR","quantile","0.5",164.992924948396
2024-02-14,"ARI incidence",2024-02-25,3,"FR","quantile","0.55",175.23749403138
2024-02-14,"ARI incidence",2024-02-25,3,"FR","quantile","0.6",185.565345233838
2024-02-14,"ARI incidence",2024-02-25,3,"FR","quantile","0.65",196.37142062014
2024-02-14,"ARI incidence",2024-02-25,3,"FR","quantile","0.7",207.79019430136
2024-02-14,"ARI incidence",2024-02-25,3,"FR","quantile","0.75",219.484336333788
2024-02-14,"ARI incidence",2024-02-25,3,"FR","quantile","0.8",233.7038075026
2024-02-14,"ARI incidence",2024-02-25,3,"FR","quantile","0.85",248.2356266285
2024-02-14,"ARI incidence",2024-02-25,3,"FR","quantile","0.9",267.958255575564
2024-02-14,"ARI incidence",2024-02-25,3,"FR","quantile","0.95",297.010798492715
2024-02-14,"ARI incidence",2024-02-25,3,"FR","quantile","0.975",321.336777540509
2024-02-14,"ARI incidence",2024-02-25,3,"FR","quantile","0.99",353.127259305999
2024-02-14,"ARI incidence",2024-03-03,4,"FR","median","",166.404827586207
2024-02-14,"ARI incidence",2024-03-03,4,"FR","quantile","0.01",0
2024-02-14,"ARI incidence",2024-03-03,4,"FR","quantile","0.025",0
2024-02-14,"ARI incidence",2024-03-03,4,"FR","quantile","0.05",0
2024-02-14,"ARI incidence",2024-03-03,4,"FR","quantile","0.1",21.5572065461913
2024-02-14,"ARI incidence",2024-03-03,4,"FR","quantile","0.15",47.9759702810903
2024-02-14,"ARI incidence",2024-03-03,4,"FR","quantile","0.2",70.5202375157976
2024-02-14,"ARI incidence",2024-03-03,4,"FR","quantile","0.25",88.8796805423284
2024-02-14,"ARI incidence",2024-03-03,4,"FR","quantile","0.3",105.935958344017
2024-02-14,"ARI incidence",2024-03-03,4,"FR","quantile","0.35",120.797444719522
2024-02-14,"ARI incidence",2024-03-03,4,"FR","quantile","0.4",135.617932930644
2024-02-14,"ARI incidence",2024-03-03,4,"FR","quantile","0.45",151.062978321142
2024-02-14,"ARI incidence",2024-03-03,4,"FR","quantile","0.5",165.762014471768
2024-02-14,"ARI incidence",2024-03-03,4,"FR","quantile","0.55",179.652943868722
2024-02-14,"ARI incidence",2024-03-03,4,"FR","quantile","0.6",193.246701929727
2024-02-14,"ARI incidence",2024-03-03,4,"FR","quantile","0.65",207.671472738507
2024-02-14,"ARI incidence",2024-03-03,4,"FR","quantile","0.7",223.862815068872
2024-02-14,"ARI incidence",2024-03-03,4,"FR","quantile","0.75",240.572289119159
2024-02-14,"ARI incidence",2024-03-03,4,"FR","quantile","0.8",258.860125552209
2024-02-14,"ARI incidence",2024-03-03,4,"FR","quantile","0.85",279.694134578831
2024-02-14,"ARI incidence",2024-03-03,4,"FR","quantile","0.9",308.296832492377
2024-02-14,"ARI incidence",2024-03-03,4,"FR","quantile","0.95",348.611495819779
2024-02-14,"ARI incidence",2024-03-03,4,"FR","quantile","0.975",382.1099386173
2024-02-14,"ARI incidence",2024-03-03,4,"FR","quantile","0.99",426.427420317783
2024-02-14,"ARI incidence",2024-02-11,1,"DE","median","",947.980333421675
2024-02-14,"ARI incidence",2024-02-11,1,"DE","quantile","0.01",415.367451713189
2024-02-14,"ARI incidence",2024-02-11,1,"DE","quantile","0.025",493.303689780549
2024-02-14,"ARI incidence",2024-02-11,1,"DE","quantile","0.05",563.414443736974
2024-02-14,"ARI incidence",2024-02-11,1,"DE","quantile","0.1",648.50064801715
2024-02-14,"ARI incidence",2024-02-11,1,"DE","quantile","0.15",703.95646308338
2024-02-14,"ARI incidence",2024-02-11,1,"DE","quantile","0.2",752.177719804097
2024-02-14,"ARI incidence",2024-02-11,1,"DE","quantile","0.25",790.057898800654
2024-02-14,"ARI incidence",2024-02-11,1,"DE","quantile","0.3",824.058983402986
2024-02-14,"ARI incidence",2024-02-11,1,"DE","quantile","0.35",857.303094725072
2024-02-14,"ARI incidence",2024-02-11,1,"DE","quantile","0.4",887.527353000722
2024-02-14,"ARI incidence",2024-02-11,1,"DE","quantile","0.45",919.835540179902
2024-02-14,"ARI incidence",2024-02-11,1,"DE","quantile","0.5",950.797327863952
2024-02-14,"ARI incidence",2024-02-11,1,"DE","quantile","0.55",980.03260145535
2024-02-14,"ARI incidence",2024-02-11,1,"DE","quantile","0.6",1009.63879389184
2024-02-14,"ARI incidence",2024-02-11,1,"DE","quantile","0.65",1040.06946757115
2024-02-14,"ARI incidence",2024-02-11,1,"DE","quantile","0.7",1072.5193155101
2024-02-14,"ARI incidence",2024-02-11,1,"DE","quantile","0.75",1104.48811029097
2024-02-14,"ARI incidence",2024-02-11,1,"DE","quantile","0.8",1142.25922012152
2024-02-14,"ARI incidence",2024-02-11,1,"DE","quantile","0.85",1187.40222728047
2024-02-14,"ARI incidence",2024-02-11,1,"DE","quantile","0.9",1245.57813627781
2024-02-14,"ARI incidence",2024-02-11,1,"DE","quantile","0.95",1332.19793841486
2024-02-14,"ARI incidence",2024-02-11,1,"DE","quantile","0.975",1408.35548382365
2024-02-14,"ARI incidence",2024-02-11,1,"DE","quantile","0.99",1490.32295273694
2024-02-14,"ARI incidence",2024-02-18,2,"DE","median","",949.033312062036
2024-02-14,"ARI incidence",2024-02-18,2,"DE","quantile","0.01",194.82694280906
2024-02-14,"ARI incidence",2024-02-18,2,"DE","quantile","0.025",309.07704146754
2024-02-14,"ARI incidence",2024-02-18,2,"DE","quantile","0.05",417.690367508194
2024-02-14,"ARI incidence",2024-02-18,2,"DE","quantile","0.1",529.044691240311
2024-02-14,"ARI incidence",2024-02-18,2,"DE","quantile","0.15",607.368212669154
2024-02-14,"ARI incidence",2024-02-18,2,"DE","quantile","0.2",668.472670115123
2024-02-14,"ARI incidence",2024-02-18,2,"DE","quantile","0.25",722.483475554003
2024-02-14,"ARI incidence",2024-02-18,2,"DE","quantile","0.3",772.515271633404
2024-02-14,"ARI incidence",2024-02-18,2,"DE","quantile","0.35",817.383211786628
2024-02-14,"ARI incidence",2024-02-18,2,"DE","quantile","0.4",862.726094188342
2024-02-14,"ARI incidence",2024-02-18,2,"DE","quantile","0.45",903.608197431915
2024-02-14,"ARI incidence",2024-02-18,2,"DE","quantile","0.5",945.951883868
2024-02-14,"ARI incidence",2024-02-18,2,"DE","quantile","0.55",986.788235990985
2024-02-14,"ARI incidence",2024-02-18,2,"DE","quantile","0.6",1030.69374902
2024-02-14,"ARI incidence",2024-02-18,2,"DE","quantile","0.65",1074.63008028515
2024-02-14,"ARI incidence",2024-02-18,2,"DE","quantile","0.7",1123.53982995161
2024-02-14,"ARI incidence",2024-02-18,2,"DE","quantile","0.75",1170.70527394687
2024-02-14,"ARI incidence",2024-02-18,2,"DE","quantile","0.8",1226.99323564241
2024-02-14,"ARI incidence",2024-02-18,2,"DE","quantile","0.85",1291.37925988499
2024-02-14,"ARI incidence",2024-02-18,2,"DE","quantile","0.9",1371.4950163242
2024-02-14,"ARI incidence",2024-02-18,2,"DE","quantile","0.95",1491.63487978343
2024-02-14,"ARI incidence",2024-02-18,2,"DE","quantile","0.975",1594.37015164524
2024-02-14,"ARI incidence",2024-02-18,2,"DE","quantile","0.99",1709.57645233944
2024-02-14,"ARI incidence",2024-02-25,3,"DE","median","",950.086290702397
2024-02-14,"ARI incidence",2024-02-25,3,"DE","quantile","0.01",13.713649391513
2024-02-14,"ARI incidence",2024-02-25,3,"DE","quantile","0.025",163.341951575438
2024-02-14,"ARI incidence",2024-02-25,3,"DE","quantile","0.05",280.792377067576
2024-02-14,"ARI incidence",2024-02-25,3,"DE","quantile","0.1",427.187213925984
2024-02-14,"ARI incidence",2024-02-25,3,"DE","quantile","0.15",533.217349958309
2024-02-14,"ARI incidence",2024-02-25,3,"DE","quantile","0.2",620.541273933658
2024-02-14,"ARI incidence",2024-02-25,3,"DE","quantile","0.25",684.509185726655
2024-02-14,"ARI incidence",2024-02-25,3,"DE","quantile","0.3",745.06700920268
2024-02-14,"ARI incidence",2024-02-25,3,"DE","quantile","0.35",797.214015350646
2024-02-14,"ARI incidence",2024-02-25,3,"DE","quantile","0.4",853.371365764723
2024-02-14,"ARI incidence",2024-02-25,3,"DE","quantile","0.45",900.32856503961
2024-02-14,"ARI incidence",2024-02-25,3,"DE","quantile","0.5",948.005219546867
2024-02-14,"ARI incidence",2024-02-25,3,"DE","quantile","0.55",998.262485737607
2024-02-14,"ARI incidence",2024-02-25,3,"DE","quantile","0.6",1048.20772405877
2024-02-14,"ARI incidence",2024-02-25,3,"DE","quantile","0.65",1103.04171179696
2024-02-14,"ARI incidence",2024-02-25,3,"DE","quantile","0.7",1159.24658599988
2024-02-14,"ARI incidence",2024-02-25,3,"DE","quantile","0.75",1219.43818062896
2024-02-14,"ARI incidence",2024-02-25,3,"DE","quantile","0.8",1284.2748546662
2024-02-14,"ARI incidence",2024-02-25,3,"DE","quantile","0.85",1367.34983407801
2024-02-14,"ARI incidence",2024-02-25,3,"DE","quantile","0.9",1466.92137361821
2024-02-14,"ARI incidence",2024-02-25,3,"DE","quantile","0.95",1613.58323260879
2024-02-14,"ARI incidence",2024-02-25,3,"DE","quantile","0.975",1734.81382151088
2024-02-14,"ARI incidence",2024-02-25,3,"DE","quantile","0.99",1877.81273916668
2024-02-14,"ARI incidence",2024-03-03,4,"DE","median","",951.139269342758
2024-02-14,"ARI incidence",2024-03-03,4,"DE","quantile","0.01",0
2024-02-14,"ARI incidence",2024-03-03,4,"DE","quantile","0.025",18.2891887861438
2024-02-14,"ARI incidence",2024-03-03,4,"DE","quantile","0.05",182.699763357072
2024-02-14,"ARI incidence",2024-03-03,4,"DE","quantile","0.1",349.151077312756
2024-02-14,"ARI incidence",2024-03-03,4,"DE","quantile","0.15",458.486986617389
2024-02-14,"ARI incidence",2024-03-03,4,"DE","quantile","0.2",558.93015386449
2024-02-14,"ARI incidence",2024-03-03,4,"DE","quantile","0.25",637.708153423818
2024-02-14,"ARI incidence",2024-03-03,4,"DE","quantile","0.3",706.477000520581
2024-02-14,"ARI incidence",2024-03-03,4,"DE","quantile","0.35",768.197504821152
2024-02-14,"ARI incidence",2024-03-03,4,"DE","quantile","0.4",831.983456007595
2024-02-14,"ARI incidence",2024-03-03,4,"DE","quantile","0.45",893.880350122625
2024-02-14,"ARI incidence",2024-03-03,4,"DE","quantile","0.5",954.547222959108
2024-02-14,"ARI incidence",2024-03-03,4,"DE","quantile","0.55",1013.63605852562
2024-02-14,"ARI incidence",2024-03-03,4,"DE","quantile","0.6",1075.4955669125
2024-02-14,"ARI incidence",2024-03-03,4,"DE","quantile","0.65",1138.93365911358
2024-02-14,"ARI incidence",2024-03-03,4,"DE","quantile","0.7",1202.13916325941
2024-02-14,"ARI incidence",2024-03-03,4,"DE","quantile","0.75",1272.26687982805
2024-02-14,"ARI incidence",2024-03-03,4,"DE","quantile","0.8",1348.36848903505
2024-02-14,"ARI incidence",2024-03-03,4,"DE","quantile","0.85",1438.07815306979
2024-02-14,"ARI incidence",2024-03-03,4,"DE","quantile","0.9",1545.97078980253
2024-02-14,"ARI incidence",2024-03-03,4,"DE","quantile","0.95",1724.31823938855
2024-02-14,"ARI incidence",2024-03-03,4,"DE","quantile","0.975",1873.13711207342
2024-02-14,"ARI incidence",2024-03-03,4,"DE","quantile","0.99",2059.85798635793
2024-02-14,"ARI incidence",2024-02-11,1,"HU","median","",2083.289810969
2024-02-14,"ARI incidence",2024-02-11,1,"HU","quantile","0.01",1815.47924018726
2024-02-14,"ARI incidence",2024-02-11,1,"HU","quantile","0.025",1861.21127278214
2024-02-14,"ARI incidence",2024-02-11,1,"HU","quantile","0.05",1898.68211350822
2024-02-14,"ARI incidence",2024-02-11,1,"HU","quantile","0.1",1940.23626034158
2024-02-14,"ARI incidence",2024-02-11,1,"HU","quantile","0.15",1968.60423080689
2024-02-14,"ARI incidence",2024-02-11,1,"HU","quantile","0.2",1991.20936320237
2024-02-14,"ARI incidence",2024-02-11,1,"HU","quantile","0.25",2007.78187849166
2024-02-14,"ARI incidence",2024-02-11,1,"HU","quantile","0.3",2024.46830295888
2024-02-14,"ARI incidence",2024-02-11,1,"HU","quantile","0.35",2039.28027792502
2024-02-14,"ARI incidence",2024-02-11,1,"HU","quantile","0.4",2054.16013083425
2024-02-14,"ARI incidence",2024-02-11,1,"HU","quantile","0.45",2068.4420718417
2024-02-14,"ARI incidence",2024-02-11,1,"HU","quantile","0.5",2083.75429948239
2024-02-14,"ARI incidence",2024-02-11,1,"HU","quantile","0.55",2097.94738616302
2024-02-14,"ARI incidence",2024-02-11,1,"HU","quantile","0.6",2112.90829776568
2024-02-14,"ARI incidence",2024-02-11,1,"HU","quantile","0.65",2127.64209099923
2024-02-14,"ARI incidence",2024-02-11,1,"HU","quantile","0.7",2143.71567934429
2024-02-14,"ARI incidence",2024-02-11,1,"HU","quantile","0.75",2160.43431257836
2024-02-14,"ARI incidence",2024-02-11,1,"HU","quantile","0.8",2179.99217708324
2024-02-14,"ARI incidence",2024-02-11,1,"HU","quantile","0.85",2200.44777144101
2024-02-14,"ARI incidence",2024-02-11,1,"HU","quantile","0.9",2226.84085006829
2024-02-14,"ARI incidence",2024-02-11,1,"HU","quantile","0.95",2269.53334419916
2024-02-14,"ARI incidence",2024-02-11,1,"HU","quantile","0.975",2304.67361409402
2024-02-14,"ARI incidence",2024-02-11,1,"HU","quantile","0.99",2346.79413948543
2024-02-14,"ARI incidence",2024-02-18,2,"HU","median","",2083.33676001397
2024-02-14,"ARI incidence",2024-02-18,2,"HU","quantile","0.01",1703.26767846716
2024-02-14,"ARI incidence",2024-02-18,2,"HU","quantile","0.025",1766.11526071601
2024-02-14,"ARI incidence",2024-02-18,2,"HU","quantile","0.05",1820.9684121207
2024-02-14,"ARI incidence",2024-02-18,2,"HU","quantile","0.1",1877.72284079156
2024-02-14,"ARI incidence",2024-02-18,2,"HU","quantile","0.15",1918.30513603924
2024-02-14,"ARI incidence",2024-02-18,2,"HU","quantile","0.2",1949.07196617369
2024-02-14,"ARI incidence",2024-02-18,2,"HU","quantile","0.25",1977.78233764235
2024-02-14,"ARI incidence",2024-02-18,2,"HU","quantile","0.3",2001.59545598445
2024-02-14,"ARI incidence",2024-02-18,2,"HU","quantile","0.35",2024.73207841221
2024-02-14,"ARI incidence",2024-02-18,2,"HU","quantile","0.4",2045.21896152532
2024-02-14,"ARI incidence",2024-02-18,2,"HU","quantile","0.45",2064.22139398893
2024-02-14,"ARI incidence",2024-02-18,2,"HU","quantile","0.5",2084.15905546304
2024-02-14,"ARI incidence",2024-02-18,2,"HU","quantile","0.55",2104.8934289715
2024-02-14,"ARI incidence",2024-02-18,2,"HU","quantile","0.6",2126.08187130818
2024-02-14,"ARI incidence",2024-02-18,2,"HU","quantile","0.65",2147.42248619003
2024-02-14,"ARI incidence",2024-02-18,2,"HU","quantile","0.7",2169.75195635296
2024-02-14,"ARI incidence",2024-02-18,2,"HU","quantile","0.75",2195.81842505578
2024-02-14,"ARI incidence",2024-02-18,2,"HU","quantile","0.8",2223.72606368678
2024-02-14,"ARI incidence",2024-02-18,2,"HU","quantile","0.85",2250.58599535456
2024-02-14,"ARI incidence",2024-02-18,2,"HU","quantile","0.9",2288.35857882669
2024-02-14,"ARI incidence",2024-02-18,2,"HU","quantile","0.95",2351.75123743868
2024-02-14,"ARI incidence",2024-02-18,2,"HU","quantile","0.975",2404.50034011162
2024-02-14,"ARI incidence",2024-02-18,2,"HU","quantile","0.99",2472.00554722961
2024-02-14,"ARI incidence",2024-02-25,3,"HU","median","",2083.38370905895
2024-02-14,"ARI incidence",2024-02-25,3,"HU","quantile","0.01",1612.78452301712
2024-02-14,"ARI incidence",2024-02-25,3,"HU","quantile","0.025",1686.8074339255
2024-02-14,"ARI incidence",2024-02-25,3,"HU","quantile","0.05",1756.77375811841
2024-02-14,"ARI incidence",2024-02-25,3,"HU","quantile","0.1",1829.07884331924
2024-02-14,"ARI incidence",2024-02-25,3,"HU","quantile","0.15",1878.60442169284
2024-02-14,"ARI incidence",2024-02-25,3,"HU","quantile","0.2",1917.26825968279
2024-02-14,"ARI incidence",2024-02-25,3,"HU","quantile","0.25",1951.37604121902
2024-02-14,"ARI incidence",2024-02-25,3,"HU","quantile","0.3",1981.32821630339
2024-02-14,"ARI incidence",2024-02-25,3,"HU","quantile","0.35",2007.71003639155
2024-02-14,"ARI incidence",2024-02-25,3,"HU","quantile","0.4",2033.78935985888
2024-02-14,"ARI incidence",2024-02-25,3,"HU","quantile","0.45",2059.41356541936
2024-02-14,"ARI incidence",2024-02-25,3,"HU","quantile","0.5",2086.01755869267
2024-02-14,"ARI incidence",2024-02-25,3,"HU","quantile","0.55",2111.46458994312
2024-02-14,"ARI incidence",2024-02-25,3,"HU","quantile","0.6",2135.70307504164
2024-02-14,"ARI incidence",2024-02-25,3,"HU","quantile","0.65",2162.04654089354
2024-02-14,"ARI incidence",2024-02-25,3,"HU","quantile","0.7",2189.1106284643
2024-02-14,"ARI incidence",2024-02-25,3,"HU","quantile","0.75",2220.2183719626
2024-02-14,"ARI incidence",2024-02-25,3,"HU","quantile","0.8",2253.74949013602
2024-02-14,"ARI incidence",2024-02-25,3,"HU","quantile","0.85",2291.15757855277
2024-02-14,"ARI incidence",2024-02-25,3,"HU","quantile","0.9",2337.43691664659
2024-02-14,"ARI incidence",2024-02-25,3,"HU","quantile","0.95",2410.8921107811
2024-02-14,"ARI incidence",2024-02-25,3,"HU","quantile","0.975",2475.3342291437
2024-02-14,"ARI incidence",2024-02-25,3,"HU","quantile","0.99",2550.27924275935
2024-02-14,"ARI incidence",2024-03-03,4,"HU","median","",2083.43065810393
2024-02-14,"ARI incidence",2024-03-03,4,"HU","quantile","0.01",1537.07903256992
2024-02-14,"ARI incidence",2024-03-03,4,"HU","quantile","0.025",1624.02426962723
2024-02-14,"ARI incidence",2024-03-03,4,"HU","quantile","0.05",1699.64493528063
2024-02-14,"ARI incidence",2024-03-03,4,"HU","quantile","0.1",1783.53069210854
2024-02-14,"ARI incidence",2024-03-03,4,"HU","quantile","0.15",1844.33787175765
2024-02-14,"ARI incidence",2024-03-03,4,"HU","quantile","0.2",1888.53944374219
2024-02-14,"ARI incidence",2024-03-03,4,"HU","quantile","0.25",1927.30296237364
2024-02-14,"ARI incidence",2024-03-03,4,"HU","quantile","0.3",1962.50922755382
2024-02-14,"ARI incidence",2024-03-03,4,"HU","quantile","0.35",1993.98283014837
2024-02-14,"ARI incidence",2024-03-03,4,"HU","quantile","0.4",2023.83699764751
2024-02-14,"ARI incidence",2024-03-03,4,"HU","quantile","0.45",2057.26047818852
2024-02-14,"ARI incidence",2024-03-03,4,"HU","quantile","0.5",2088.96151904211
2024-02-14,"ARI incidence",2024-03-03,4,"HU","quantile","0.55",2119.18595707942
2024-02-14,"ARI incidence",2024-03-03,4,"HU","quantile","0.6",2148.40914358882
2024-02-14,"ARI incidence",2024-03-03,4,"HU","quantile","0.65",2177.44930638294
2024-02-14,"ARI incidence",2024-03-03,4,"HU","quantile","0.7",2209.97060586885
2024-02-14,"ARI incidence",2024-03-03,4,"HU","quantile","0.75",2242.32210823574
2024-02-14,"ARI incidence",2024-03-03,4,"HU","quantile","0.8",2281.70352748946
2024-02-14,"ARI incidence",2024-03-03,4,"HU","quantile","0.85",2326.49226863218
2024-02-14,"ARI incidence",2024-03-03,4,"HU","quantile","0.9",2382.66208979296
2024-02-14,"ARI incidence",2024-03-03,4,"HU","quantile","0.95",2465.02263699037
2024-02-14,"ARI incidence",2024-03-03,4,"HU","quantile","0.975",2535.31451929666
2024-02-14,"ARI incidence",2024-03-03,4,"HU","quantile","0.99",2624.02703957395
2024-02-14,"ARI incidence",2024-02-11,1,"LT","median","",543.368812207821
2024-02-14,"ARI incidence",2024-02-11,1,"LT","quantile","0.01",259.602202096694
2024-02-14,"ARI incidence",2024-02-11,1,"LT","quantile","0.025",306.415413305225
2024-02-14,"ARI incidence",2024-02-11,1,"LT","quantile","0.05",343.810409499833
2024-02-14,"ARI incidence",2024-02-11,1,"LT","quantile","0.1",384.113207805714
2024-02-14,"ARI incidence",2024-02-11,1,"LT","quantile","0.15",417.028816385724
2024-02-14,"ARI incidence",2024-02-11,1,"LT","quantile","0.2",440.596158124992
2024-02-14,"ARI incidence",2024-02-11,1,"LT","quantile","0.25",460.813177096283
2024-02-14,"ARI incidence",2024-02-11,1,"LT","quantile","0.3",479.485831794658
2024-02-14,"ARI incidence",2024-02-11,1,"LT","quantile","0.35",497.333999019909
2024-02-14,"ARI incidence",2024-02-11,1,"LT","quantile","0.4",513.363922904565
2024-02-14,"ARI incidence",2024-02-11,1,"LT","quantile","0.45",528.928194625895
2024-02-14,"ARI incidence",2024-02-11,1,"LT","quantile","0.5",544.308379968981
2024-02-14,"ARI incidence",2024-02-11,1,"LT","quantile","0.55",559.475756538513
2024-02-14,"ARI incidence",2024-02-11,1,"LT","quantile","0.6",575.222109849199
2024-02-14,"ARI incidence",2024-02-11,1,"LT","quantile","0.65",591.525787921816
2024-02-14,"ARI incidence",2024-02-11,1,"LT","quantile","0.7",608.701108575136
2024-02-14,"ARI incidence",2024-02-11,1,"LT","quantile","0.75",626.098314481409
2024-02-14,"ARI incidence",2024-02-11,1,"LT","quantile","0.8",646.892175146182
2024-02-14,"ARI incidence",2024-02-11,1,"LT","quantile","0.85",670.776900811485
2024-02-14,"ARI incidence",2024-02-11,1,"LT","quantile","0.9",700.229031905802
2024-02-14,"ARI incidence",2024-02-11,1,"LT","quantile","0.95",747.211559708128
2024-02-14,"ARI incidence",2024-02-11,1,"LT","quantile","0.975",791.017066525705
2024-02-14,"ARI incidence",2024-02-11,1,"LT","quantile","0.99",834.656663217311
2024-02-14,"ARI incidence",2024-02-18,2,"LT","median","",546.133346297843
2024-02-14,"ARI incidence",2024-02-18,2,"LT","quantile","0.01",143.892599053172
2024-02-14,"ARI incidence",2024-02-18,2,"LT","quantile","0.025",212.468121049916
2024-02-14,"ARI incidence",2024-02-18,2,"LT","quantile","0.05",263.836727737036
2024-02-14,"ARI incidence",2024-02-18,2,"LT","quantile","0.1",323.872808171359
2024-02-14,"ARI incidence",2024-02-18,2,"LT","quantile","0.15",365.020778650372
2024-02-14,"ARI incidence",2024-02-18,2,"LT","quantile","0.2",397.137541308474
2024-02-14,"ARI incidence",2024-02-18,2,"LT","quantile","0.25",428.278401865702
2024-02-14,"ARI incidence",2024-02-18,2,"LT","quantile","0.3",456.415141835206
2024-02-14,"ARI incidence",2024-02-18,2,"LT","quantile","0.35",480.627091713074
2024-02-14,"ARI incidence",2024-02-18,2,"LT","quantile","0.4",502.873174054418
2024-02-14,"ARI incidence",2024-02-18,2,"LT","quantile","0.45",524.123843208043
2024-02-14,"ARI incidence",2024-02-18,2,"LT","quantile","0.5",546.242676563927
2024-02-14,"ARI incidence",2024-02-18,2,"LT","quantile","0.55",569.490035466041
2024-02-14,"ARI incidence",2024-02-18,2,"LT","quantile","0.6",592.442569674398
2024-02-14,"ARI incidence",2024-02-18,2,"LT","quantile","0.65",615.368991384054
2024-02-14,"ARI incidence",2024-02-18,2,"LT","quantile","0.7",640.339291753804
2024-02-14,"ARI incidence",2024-02-18,2,"LT","quantile","0.75",666.175839782126
2024-02-14,"ARI incidence",2024-02-18,2,"LT","quantile","0.8",695.58215004231
2024-02-14,"ARI incidence",2024-02-18,2,"LT","quantile","0.85",731.320827495737
2024-02-14,"ARI incidence",2024-02-18,2,"LT","quantile","0.9",775.694742874153
2024-02-14,"ARI incidence",2024-02-18,2,"LT","quantile","0.95",838.153088351523
2024-02-14,"ARI incidence",2024-02-18,2,"LT","quantile","0.975",890.821141316014
2024-02-14,"ARI incidence",2024-02-18,2,"LT","quantile","0.99",954.727762938387
2024-02-14,"ARI incidence",2024-02-25,3,"LT","median","",548.897880387865
2024-02-14,"ARI incidence",2024-02-25,3,"LT","quantile","0.01",59.7744156012956
2024-02-14,"ARI incidence",2024-02-25,3,"LT","quantile","0.025",134.61329953683
2024-02-14,"ARI incidence",2024-02-25,3,"LT","quantile","0.05",198.098689029374
2024-02-14,"ARI incidence",2024-02-25,3,"LT","quantile","0.1",275.277603020954
2024-02-14,"ARI incidence",2024-02-25,3,"LT","quantile","0.15",327.993896787995
2024-02-14,"ARI incidence",2024-02-25,3,"LT","quantile","0.2",367.92823856296
2024-02-14,"ARI incidence",2024-02-25,3,"LT","quantile","0.25",405.41972379646
2024-02-14,"ARI incidence",2024-02-25,3,"LT","quantile","0.3",437.638148055196
2024-02-14,"ARI incidence",2024-02-25,3,"LT","quantile","0.35",466.977926122651
2024-02-14,"ARI incidence",2024-02-25,3,"LT","quantile","0.4",495.789741341604
2024-02-14,"ARI incidence",2024-02-25,3,"LT","quantile","0.45",524.883710521024
2024-02-14,"ARI incidence",2024-02-25,3,"LT","quantile","0.5",550.450687790887
2024-02-14,"ARI incidence",2024-02-25,3,"LT","quantile","0.55",578.396487454065
2024-02-14,"ARI incidence",2024-02-25,3,"LT","quantile","0.6",603.463488392607
2024-02-14,"ARI incidence",2024-02-25,3,"LT","quantile","0.65",632.879183486466
2024-02-14,"ARI incidence",2024-02-25,3,"LT","quantile","0.7",661.047960882412
2024-02-14,"ARI incidence",2024-02-25,3,"LT","quantile","0.75",695.760915183186
2024-02-14,"ARI incidence",2024-02-25,3,"LT","quantile","0.8",730.086003701148
2024-02-14,"ARI incidence",2024-02-25,3,"LT","quantile","0.85",774.961312561352
2024-02-14,"ARI incidence",2024-02-25,3,"LT","quantile","0.9",825.858400674005
2024-02-14,"ARI incidence",2024-02-25,3,"LT","quantile","0.95",907.255664207569
2024-02-14,"ARI incidence",2024-02-25,3,"LT","quantile","0.975",971.368023349855
2024-02-14,"ARI incidence",2024-02-25,3,"LT","quantile","0.99",1047.7904592716
2024-02-14,"ARI incidence",2024-03-03,4,"LT","median","",551.662414477888
2024-02-14,"ARI incidence",2024-03-03,4,"LT","quantile","0.01",0
2024-02-14,"ARI incidence",2024-03-03,4,"LT","quantile","0.025",63.270300397324
2024-02-14,"ARI incidence",2024-03-03,4,"LT","quantile","0.05",140.224788988695
2024-02-14,"ARI incidence",2024-03-03,4,"LT","quantile","0.1",230.738242873699
2024-02-14,"ARI incidence",2024-03-03,4,"LT","quantile","0.15",290.968614237595
2024-02-14,"ARI incidence",2024-03-03,4,"LT","quantile","0.2",344.477516868749
2024-02-14,"ARI incidence",2024-03-03,4,"LT","quantile","0.25",386.793465968653
2024-02-14,"ARI incidence",2024-03-03,4,"LT","quantile","0.3",424.988563950218
2024-02-14,"ARI incidence",2024-03-03,4,"LT","quantile","0.35",458.904992009309
2024-02-14,"ARI incidence",2024-03-03,4,"LT","quantile","0.4",490.370934822703
2024-02-14,"ARI incidence",2024-03-03,4,"LT","quantile","0.45",521.21140948673
2024-02-14,"ARI incidence",2024-03-03,4,"LT","quantile","0.5",553.047700490813
2024-02-14,"ARI incidence",2024-03-03,4,"LT","quantile","0.55",582.567302877915
2024-02-14,"ARI incidence",2024-03-03,4,"LT","quantile","0.6",614.930106972136
2024-02-14,"ARI incidence",2024-03-03,4,"LT","quantile","0.65",647.225869766208
2024-02-14,"ARI incidence",2024-03-03,4,"LT","quantile","0.7",681.853893951698
2024-02-14,"ARI incidence",2024-03-03,4,"LT","quantile","0.75",721.306960559802
2024-02-14,"ARI incidence",2024-03-03,4,"LT","quantile","0.8",761.458333621598
2024-02-14,"ARI incidence",2024-03-03,4,"LT","quantile","0.85",809.924966060673
2024-02-14,"ARI incidence",2024-03-03,4,"LT","quantile","0.9",869.957094916478
2024-02-14,"ARI incidence",2024-03-03,4,"LT","quantile","0.95",959.096833821018
2024-02-14,"ARI incidence",2024-03-03,4,"LT","quantile","0.975",1042.94360397793
2024-02-14,"ARI incidence",2024-03-03,4,"LT","quantile","0.99",1139.36933181422
2024-02-14,"ARI incidence",2024-02-11,1,"RO","median","",791.883253256916
2024-02-14,"ARI incidence",2024-02-11,1,"RO","quantile","0.01",480.31314376842
2024-02-14,"ARI incidence",2024-02-11,1,"RO","quantile","0.025",525.119136317431
2024-02-14,"ARI incidence",2024-02-11,1,"RO","quantile","0.05",571.704810625916
2024-02-14,"ARI incidence",2024-02-11,1,"RO","quantile","0.1",621.260089570021
2024-02-14,"ARI incidence",2024-02-11,1,"RO","quantile","0.15",654.548958609429
2024-02-14,"ARI incidence",2024-02-11,1,"RO","quantile","0.2",680.392498161712
2024-02-14,"ARI incidence",2024-02-11,1,"RO","quantile","0.25",702.952286242752
2024-02-14,"ARI incidence",2024-02-11,1,"RO","quantile","0.3",722.51667617258
2024-02-14,"ARI incidence",2024-02-11,1,"RO","quantile","0.35",740.174412711844
2024-02-14,"ARI incidence",2024-02-11,1,"RO","quantile","0.4",758.102466824102
2024-02-14,"ARI incidence",2024-02-11,1,"RO","quantile","0.45",775.150242863221
2024-02-14,"ARI incidence",2024-02-11,1,"RO","quantile","0.5",792.528442779267
2024-02-14,"ARI incidence",2024-02-11,1,"RO","quantile","0.55",809.838324136275
2024-02-14,"ARI incidence",2024-02-11,1,"RO","quantile","0.6",825.864110807674
2024-02-14,"ARI incidence",2024-02-11,1,"RO","quantile","0.65",843.180914358512
2024-02-14,"ARI incidence",2024-02-11,1,"RO","quantile","0.7",861.658437939551
2024-02-14,"ARI incidence",2024-02-11,1,"RO","quantile","0.75",880.938275600289
2024-02-14,"ARI incidence",2024-02-11,1,"RO","quantile","0.8",903.3384095216
2024-02-14,"ARI incidence",2024-02-11,1,"RO","quantile","0.85",929.766819324522
2024-02-14,"ARI incidence",2024-02-11,1,"RO","quantile","0.9",963.855021970826
2024-02-14,"ARI incidence",2024-02-11,1,"RO","quantile","0.95",1011.1573190594
2024-02-14,"ARI incidence",2024-02-11,1,"RO","quantile","0.975",1057.97693030512
2024-02-14,"ARI incidence",2024-02-11,1,"RO","quantile","0.99",1113.94974171727
2024-02-14,"ARI incidence",2024-02-18,2,"RO","median","",791.244692704601
2024-02-14,"ARI incidence",2024-02-18,2,"RO","quantile","0.01",380.054261757006
2024-02-14,"ARI incidence",2024-02-18,2,"RO","quantile","0.025",444.882666592024
2024-02-14,"ARI incidence",2024-02-18,2,"RO","quantile","0.05",506.214784265027
2024-02-14,"ARI incidence",2024-02-18,2,"RO","quantile","0.1",565.425265203004
2024-02-14,"ARI incidence",2024-02-18,2,"RO","quantile","0.15",607.88337574912
2024-02-14,"ARI incidence",2024-02-18,2,"RO","quantile","0.2",643.27515990528
2024-02-14,"ARI incidence",2024-02-18,2,"RO","quantile","0.25",673.258015517741
2024-02-14,"ARI incidence",2024-02-18,2,"RO","quantile","0.3",700.210686669422
2024-02-14,"ARI incidence",2024-02-18,2,"RO","quantile","0.35",723.999590612994
2024-02-14,"ARI incidence",2024-02-18,2,"RO","quantile","0.4",746.417934668442
2024-02-14,"ARI incidence",2024-02-18,2,"RO","quantile","0.45",769.213701657386
2024-02-14,"ARI incidence",2024-02-18,2,"RO","quantile","0.5",792.081951496036
2024-02-14,"ARI incidence",2024-02-18,2,"RO","quantile","0.55",813.158030994131
2024-02-14,"ARI incidence",2024-02-18,2,"RO","quantile","0.6",835.798529987731
2024-02-14,"ARI incidence",2024-02-18,2,"RO","quantile","0.65",860.264145836334
2024-02-14,"ARI incidence",2024-02-18,2,"RO","quantile","0.7",883.321925232655
2024-02-14,"ARI incidence",2024-02-18,2,"RO","quantile","0.75",911.056640212945
2024-02-14,"ARI incidence",2024-02-18,2,"RO","quantile","0.8",943.019587738844
2024-02-14,"ARI incidence",2024-02-18,2,"RO","quantile","0.85",976.083609905377
2024-02-14,"ARI incidence",2024-02-18,2,"RO","quantile","0.9",1018.59090722306
2024-02-14,"ARI incidence",2024-02-18,2,"RO","quantile","0.95",1080.42576106274
2024-02-14,"ARI incidence",2024-02-18,2,"RO","quantile","0.975",1136.89766569015
2024-02-14,"ARI incidence",2024-02-18,2,"RO","quantile","0.99",1200.31900334183
2024-02-14,"ARI incidence",2024-02-25,3,"RO","median","",790.606132152285
2024-02-14,"ARI incidence",2024-02-25,3,"RO","quantile","0.01",319.230410082985
2024-02-14,"ARI incidence",2024-02-25,3,"RO","quantile","0.025",387.116618056215
2024-02-14,"ARI incidence",2024-02-25,3,"RO","quantile","0.05",446.579813139976
2024-02-14,"ARI incidence",2024-02-25,3,"RO","quantile","0.1",522.530620752485
2024-02-14,"ARI incidence",2024-02-25,3,"RO","quantile","0.15",577.142800447565
2024-02-14,"ARI incidence",2024-02-25,3,"RO","quantile","0.2",615.541654905591
2024-02-14,"ARI incidence",2024-02-25,3,"RO","quantile","0.25",651.021050241066
2024-02-14,"ARI incidence",2024-02-25,3,"RO","quantile","0.3",681.08791253749
2024-02-14,"ARI incidence",2024-02-25,3,"RO","quantile","0.35",709.390216822155
2024-02-14,"ARI incidence",2024-02-25,3,"RO","quantile","0.4",736.610876734182
2024-02-14,"ARI incidence",2024-02-25,3,"RO","quantile","0.45",763.928162288666
2024-02-14,"ARI incidence",2024-02-25,3,"RO","quantile","0.5",790.368625072828
2024-02-14,"ARI incidence",2024-02-25,3,"RO","quantile","0.55",815.763198821966
2024-02-14,"ARI incidence",2024-02-25,3,"RO","quantile","0.6",842.948418701519
2024-02-14,"ARI incidence",2024-02-25,3,"RO","quantile","0.65",871.648270526666
2024-02-14,"ARI incidence",2024-02-25,3,"RO","quantile","0.7",900.001330226681
2024-02-14,"ARI incidence",2024-02-25,3,"RO","quantile","0.75",930.416363615575
2024-02-14,"ARI incidence",2024-02-25,3,"RO","quantile","0.8",966.553018185136
2024-02-14,"ARI incidence",2024-02-25,3,"RO","quantile","0.85",1005.48085914798
2024-02-14,"ARI incidence",2024-02-25,3,"RO","quantile","0.9",1059.95054861385
2024-02-14,"ARI incidence",2024-02-25,3,"RO","quantile","0.95",1132.44537991475
2024-02-14,"ARI incidence",2024-02-25,3,"RO","quantile","0.975",1200.96807821542
2024-02-14,"ARI incidence",2024-02-25,3,"RO","quantile","0.99",1278.91481056949
2024-02-14,"ARI incidence",2024-03-03,4,"RO","median","",789.96757159997
2024-02-14,"ARI incidence",2024-03-03,4,"RO","quantile","0.01",251.150342644805
2024-02-14,"ARI incidence",2024-03-03,4,"RO","quantile","0.025",328.144862867545
2024-02-14,"ARI incidence",2024-03-03,4,"RO","quantile","0.05",403.953537064214
2024-02-14,"ARI incidence",2024-03-03,4,"RO","quantile","0.1",487.039682514567
2024-02-14,"ARI incidence",2024-03-03,4,"RO","quantile","0.15",543.717326199724
2024-02-14,"ARI incidence",2024-03-03,4,"RO","quantile","0.2",592.25231488913
2024-02-14,"ARI incidence",2024-03-03,4,"RO","quantile","0.25",633.03769233844
2024-02-14,"ARI incidence",2024-03-03,4,"RO","quantile","0.3",668.374876991258
2024-02-14,"ARI incidence",2024-03-03,4,"RO","quantile","0.35",700.497592503453
2024-02-14,"ARI incidence",2024-03-03,4,"RO","quantile","0.4",730.331357146946
2024-02-14,"ARI incidence",2024-03-03,4,"RO","quantile","0.45",761.291022881489
2024-02-14,"ARI incidence",2024-03-03,4,"RO","quantile","0.5",789.298886308959
2024-02-14,"ARI incidence",2024-03-03,4,"RO","quantile","0.55",817.570709577054
2024-02-14,"ARI incidence",2024-03-03,4,"RO","quantile","0.6",849.095319830221
2024-02-14,"ARI incidence",2024-03-03,4,"RO","quantile","0.65",882.782043448632
2024-02-14,"ARI incidence",2024-03-03,4,"RO","quantile","0.7",915.677084897898
2024-02-14,"ARI incidence",2024-03-03,4,"RO","quantile","0.75",952.978114490199
2024-02-14,"ARI incidence",2024-03-03,4,"RO","quantile","0.8",990.862387926004
2024-02-14,"ARI incidence",2024-03-03,4,"RO","quantile","0.85",1038.98623846997
2024-02-14,"ARI incidence",2024-03-03,4,"RO","quantile","0.9",1095.9748867694
2024-02-14,"ARI incidence",2024-03-03,4,"RO","quantile","0.95",1176.15784349079
2024-02-14,"ARI incidence",2024-03-03,4,"RO","quantile","0.975",1251.33205602678
2024-02-14,"ARI incidence",2024-03-03,4,"RO","quantile","0.99",1347.63150077052
2024-02-14,"ARI incidence",2024-02-11,1,"SI","median","",1026.53453649164
2024-02-14,"ARI incidence",2024-02-11,1,"SI","quantile","0.01",280.118271917072
2024-02-14,"ARI incidence",2024-02-11,1,"SI","quantile","0.025",403.487719649379
2024-02-14,"ARI incidence",2024-02-11,1,"SI","quantile","0.05",498.889565585864
2024-02-14,"ARI incidence",2024-02-11,1,"SI","quantile","0.1",615.485349101671
2024-02-14,"ARI incidence",2024-02-11,1,"SI","quantile","0.15",691.82276341968
2024-02-14,"ARI incidence",2024-02-11,1,"SI","quantile","0.2",754.697854644682
2024-02-14,"ARI incidence",2024-02-11,1,"SI","quantile","0.25",804.461704862959
2024-02-14,"ARI incidence",2024-02-11,1,"SI","quantile","0.3",853.357651011899
2024-02-14,"ARI incidence",2024-02-11,1,"SI","quantile","0.35",897.516429585502
2024-02-14,"ARI incidence",2024-02-11,1,"SI","quantile","0.4",937.951750776611
2024-02-14,"ARI incidence",2024-02-11,1,"SI","quantile","0.45",980.204709308309
2024-02-14,"ARI incidence",2024-02-11,1,"SI","quantile","0.5",1021.65143361067
2024-02-14,"ARI incidence",2024-02-11,1,"SI","quantile","0.55",1064.21618503078
2024-02-14,"ARI incidence",2024-02-11,1,"SI","quantile","0.6",1106.03073750884
2024-02-14,"ARI incidence",2024-02-11,1,"SI","quantile","0.65",1150.79562989982
2024-02-14,"ARI incidence",2024-02-11,1,"SI","quantile","0.7",1193.99707216225
2024-02-14,"ARI incidence",2024-02-11,1,"SI","quantile","0.75",1239.97738595351
2024-02-14,"ARI incidence",2024-02-11,1,"SI","quantile","0.8",1292.99054383749
2024-02-14,"ARI incidence",2024-02-11,1,"SI","quantile","0.85",1355.84179599344
2024-02-14,"ARI incidence",2024-02-11,1,"SI","quantile","0.9",1429.68550454033
2024-02-14,"ARI incidence",2024-02-11,1,"SI","quantile","0.95",1543.92903381399
2024-02-14,"ARI incidence",2024-02-11,1,"SI","quantile","0.975",1642.21090605199
2024-02-14,"ARI incidence",2024-02-11,1,"SI","quantile","0.99",1770.42770886324
2024-02-14,"ARI incidence",2024-02-18,2,"SI","median","",1022.36683715382
2024-02-14,"ARI incidence",2024-02-18,2,"SI","quantile","0.01",0
2024-02-14,"ARI incidence",2024-02-18,2,"SI","quantile","0.025",150.59951955353
2024-02-14,"ARI incidence",2024-02-18,2,"SI","quantile","0.05",278.824601909864
2024-02-14,"ARI incidence",2024-02-18,2,"SI","quantile","0.1",437.788486416573
2024-02-14,"ARI incidence",2024-02-18,2,"SI","quantile","0.15",546.678698257358
2024-02-14,"ARI incidence",2024-02-18,2,"SI","quantile","0.2",630.892564389556
2024-02-14,"ARI incidence",2024-02-18,2,"SI","quantile","0.25",707.00231379219
2024-02-14,"ARI incidence",2024-02-18,2,"SI","quantile","0.3",780.390407922049
2024-02-14,"ARI incidence",2024-02-18,2,"SI","quantile","0.35",842.503154407682
2024-02-14,"ARI incidence",2024-02-18,2,"SI","quantile","0.4",901.614243900811
2024-02-14,"ARI incidence",2024-02-18,2,"SI","quantile","0.45",957.938212860576
2024-02-14,"ARI incidence",2024-02-18,2,"SI","quantile","0.5",1011.02563642732
2024-02-14,"ARI incidence",2024-02-18,2,"SI","quantile","0.55",1074.55847600012
2024-02-14,"ARI incidence",2024-02-18,2,"SI","quantile","0.6",1136.44495043325
2024-02-14,"ARI incidence",2024-02-18,2,"SI","quantile","0.65",1198.8786982137
2024-02-14,"ARI incidence",2024-02-18,2,"SI","quantile","0.7",1260.92584632224
2024-02-14,"ARI incidence",2024-02-18,2,"SI","quantile","0.75",1330.39929792395
2024-02-14,"ARI incidence",2024-02-18,2,"SI","quantile","0.8",1401.86993446018
2024-02-14,"ARI incidence",2024-02-18,2,"SI","quantile","0.85",1489.89929318384
2024-02-14,"ARI incidence",2024-02-18,2,"SI","quantile","0.9",1603.58739115302
2024-02-14,"ARI incidence",2024-02-18,2,"SI","quantile","0.95",1763.52394624369
2024-02-14,"ARI incidence",2024-02-18,2,"SI","quantile","0.975",1910.94716254129
2024-02-14,"ARI incidence",2024-02-18,2,"SI","quantile","0.99",2072.68038735747
2024-02-14,"ARI incidence",2024-02-25,3,"SI","median","",1018.19913781601
2024-02-14,"ARI incidence",2024-02-25,3,"SI","quantile","0.01",0
2024-02-14,"ARI incidence",2024-02-25,3,"SI","quantile","0.025",0
2024-02-14,"ARI incidence",2024-02-25,3,"SI","quantile","0.05",109.564101869345
2024-02-14,"ARI incidence",2024-02-25,3,"SI","quantile","0.1",310.472945266128
2024-02-14,"ARI incidence",2024-02-25,3,"SI","quantile","0.15",446.854205869653
2024-02-14,"ARI incidence",2024-02-25,3,"SI","quantile","0.2",550.893562904747
2024-02-14,"ARI incidence",2024-02-25,3,"SI","quantile","0.25",634.095026093566
2024-02-14,"ARI incidence",2024-02-25,3,"SI","quantile","0.3",713.216592235862
2024-02-14,"ARI incidence",2024-02-25,3,"SI","quantile","0.35",791.782307807881
2024-02-14,"ARI incidence",2024-02-25,3,"SI","quantile","0.4",867.501435435339
2024-02-14,"ARI incidence",2024-02-25,3,"SI","quantile","0.45",941.837776584632
2024-02-14,"ARI incidence",2024-02-25,3,"SI","quantile","0.5",1010.54583364905
2024-02-14,"ARI incidence",2024-02-25,3,"SI","quantile","0.55",1080.13449891333
2024-02-14,"ARI incidence",2024-02-25,3,"SI","quantile","0.6",1151.48621814562
2024-02-14,"ARI incidence",2024-02-25,3,"SI","quantile","0.65",1230.60675697282
2024-02-14,"ARI incidence",2024-02-25,3,"SI","quantile","0.7",1303.85217568725
2024-02-14,"ARI incidence",2024-02-25,3,"SI","quantile","0.75",1386.31902063909
2024-02-14,"ARI incidence",2024-02-25,3,"SI","quantile","0.8",1477.46681562892
2024-02-14,"ARI incidence",2024-02-25,3,"SI","quantile","0.85",1593.12627433541
2024-02-14,"ARI incidence",2024-02-25,3,"SI","quantile","0.9",1735.90514472767
2024-02-14,"ARI incidence",2024-02-25,3,"SI","quantile","0.95",1940.30686117273
2024-02-14,"ARI incidence",2024-02-25,3,"SI","quantile","0.975",2134.38421768802
2024-02-14,"ARI incidence",2024-02-25,3,"SI","quantile","0.99",2322.40914946473
2024-02-14,"ARI incidence",2024-03-03,4,"SI","median","",1014.0314384782
2024-02-14,"ARI incidence",2024-03-03,4,"SI","quantile","0.01",0
2024-02-14,"ARI incidence",2024-03-03,4,"SI","quantile","0.025",0
2024-02-14,"ARI incidence",2024-03-03,4,"SI","quantile","0.05",0
2024-02-14,"ARI incidence",2024-03-03,4,"SI","quantile","0.1",187.145682580322
2024-02-14,"ARI incidence",2024-03-03,4,"SI","quantile","0.15",336.403179878349
2024-02-14,"ARI incidence",2024-03-03,4,"SI","quantile","0.2",459.091968429639
2024-02-14,"ARI incidence",2024-03-03,4,"SI","quantile","0.25",571.416107792583
2024-02-14,"ARI incidence",2024-03-03,4,"SI","quantile","0.3",666.19159879797
2024-02-14,"ARI incidence",2024-03-03,4,"SI","quantile","0.35",753.257976070677
2024-02-14,"ARI incidence",2024-03-03,4,"SI","quantile","0.4",837.48827141205
2024-02-14,"ARI incidence",2024-03-03,4,"SI","quantile","0.45",915.921176679241
2024-02-14,"ARI incidence",2024-03-03,4,"SI","quantile","0.5",1000.93255185826
2024-02-14,"ARI incidence",2024-03-03,4,"SI","quantile","0.55",1077.79060396683
2024-02-14,"ARI incidence",2024-03-03,4,"SI","quantile","0.6",1160.54933952559
2024-02-14,"ARI incidence",2024-03-03,4,"SI","quantile","0.65",1242.80704310773
2024-02-14,"ARI incidence",2024-03-03,4,"SI","quantile","0.7",1334.37092078949
2024-02-14,"ARI incidence",2024-03-03,4,"SI","quantile","0.75",1433.17781888643
2024-02-14,"ARI incidence",2024-03-03,4,"SI","quantile","0.8",1549.75083893505
2024-02-14,"ARI incidence",2024-03-03,4,"SI","quantile","0.85",1675.42727676261
2024-02-14,"ARI incidence",2024-03-03,4,"SI","quantile","0.9",1841.78139652674
2024-02-14,"ARI incidence",2024-03-03,4,"SI","quantile","0.95",2090.94146629334
2024-02-14,"ARI incidence",2024-03-03,4,"SI","quantile","0.975",2280.84670902072
2024-02-14,"ARI incidence",2024-03-03,4,"SI","quantile","0.99",2527.3531644189
2024-02-14,"ARI incidence",2024-02-11,1,"ES","median","",746.061475409836
2024-02-14,"ARI incidence",2024-02-11,1,"ES","quantile","0.01",563.386724260181
2024-02-14,"ARI incidence",2024-02-11,1,"ES","quantile","0.025",591.276783672073
2024-02-14,"ARI incidence",2024-02-11,1,"ES","quantile","0.05",614.854554939994
2024-02-14,"ARI incidence",2024-02-11,1,"ES","quantile","0.1",642.588809669572
2024-02-14,"ARI incidence",2024-02-11,1,"ES","quantile","0.15",662.744850399817
2024-02-14,"ARI incidence",2024-02-11,1,"ES","quantile","0.2",678.56613496844
2024-02-14,"ARI incidence",2024-02-11,1,"ES","quantile","0.25",692.297838573786
2024-02-14,"ARI incidence",2024-02-11,1,"ES","quantile","0.3",704.249496130178
2024-02-14,"ARI incidence",2024-02-11,1,"ES","quantile","0.35",715.266143598771
2024-02-14,"ARI incidence",2024-02-11,1,"ES","quantile","0.4",725.985365804646
2024-02-14,"ARI incidence",2024-02-11,1,"ES","quantile","0.45",735.990942329962
2024-02-14,"ARI incidence",2024-02-11,1,"ES","quantile","0.5",746.359897003183
2024-02-14,"ARI incidence",2024-02-11,1,"ES","quantile","0.55",756.522450357177
2024-02-14,"ARI incidence",2024-02-11,1,"ES","quantile","0.6",765.399209317827
2024-02-14,"ARI incidence",2024-02-11,1,"ES","quantile","0.65",775.916238698892
2024-02-14,"ARI incidence",2024-02-11,1,"ES","quantile","0.7",787.539278074376
2024-02-14,"ARI incidence",2024-02-11,1,"ES","quantile","0.75",798.987642956308
2024-02-14,"ARI incidence",2024-02-11,1,"ES","quantile","0.8",812.910726252302
2024-02-14,"ARI incidence",2024-02-11,1,"ES","quantile","0.85",828.642857550332
2024-02-14,"ARI incidence",2024-02-11,1,"ES","quantile","0.9",849.244585289522
2024-02-14,"ARI incidence",2024-02-11,1,"ES","quantile","0.95",876.679728303818
2024-02-14,"ARI incidence",2024-02-11,1,"ES","quantile","0.975",900.661601475645
2024-02-14,"ARI incidence",2024-02-11,1,"ES","quantile","0.99",936.563562255911
2024-02-14,"ARI incidence",2024-02-18,2,"ES","median","",746.061475409836
2024-02-14,"ARI incidence",2024-02-18,2,"ES","quantile","0.01",379.935204893631
2024-02-14,"ARI incidence",2024-02-18,2,"ES","quantile","0.025",435.130330676174
2024-02-14,"ARI incidence",2024-02-18,2,"ES","quantile","0.05",486.284362524714
2024-02-14,"ARI incidence",2024-02-18,2,"ES","quantile","0.1",545.653745068725
2024-02-14,"ARI incidence",2024-02-18,2,"ES","quantile","0.15",585.378517893601
2024-02-14,"ARI incidence",2024-02-18,2,"ES","quantile","0.2",616.159455544986
2024-02-14,"ARI incidence",2024-02-18,2,"ES","quantile","0.25",642.130982256576
2024-02-14,"ARI incidence",2024-02-18,2,"ES","quantile","0.3",665.232550676621
2024-02-14,"ARI incidence",2024-02-18,2,"ES","quantile","0.35",686.859653616413
2024-02-14,"ARI incidence",2024-02-18,2,"ES","quantile","0.4",706.758662226528
2024-02-14,"ARI incidence",2024-02-18,2,"ES","quantile","0.45",726.126801904134
2024-02-14,"ARI incidence",2024-02-18,2,"ES","quantile","0.5",744.619652553799
2024-02-14,"ARI incidence",2024-02-18,2,"ES","quantile","0.55",765.222232293963
2024-02-14,"ARI incidence",2024-02-18,2,"ES","quantile","0.6",785.535902526992
2024-02-14,"ARI incidence",2024-02-18,2,"ES","quantile","0.65",806.665795416571
2024-02-14,"ARI incidence",2024-02-18,2,"ES","quantile","0.7",826.762412263523
2024-02-14,"ARI incidence",2024-02-18,2,"ES","quantile","0.75",850.058632073334
2024-02-14,"ARI incidence",2024-02-18,2,"ES","quantile","0.8",876.541547852482
2024-02-14,"ARI incidence",2024-02-18,2,"ES","quantile","0.85",907.343456209541
2024-02-14,"ARI incidence",2024-02-18,2,"ES","quantile","0.9",945.829323438795
2024-02-14,"ARI incidence",2024-02-18,2,"ES","quantile","0.95",1008.52440675924
2024-02-14,"ARI incidence",2024-02-18,2,"ES","quantile","0.975",1058.70202551482
2024-02-14,"ARI incidence",2024-02-18,2,"ES","quantile","0.99",1128.39390886064
2024-02-14,"ARI incidence",2024-02-25,3,"ES","median","",746.061475409836
2024-02-14,"ARI incidence",2024-02-25,3,"ES","quantile","0.01",149.359707445046
2024-02-14,"ARI incidence",2024-02-25,3,"ES","quantile","0.025",247.608521105306
2024-02-14,"ARI incidence",2024-02-25,3,"ES","quantile","0.05",329.628123894384
2024-02-14,"ARI incidence",2024-02-25,3,"ES","quantile","0.1",421.950900426771
2024-02-14,"ARI incidence",2024-02-25,3,"ES","quantile","0.15",481.679004349137
2024-02-14,"ARI incidence",2024-02-25,3,"ES","quantile","0.2",531.627279932538
2024-02-14,"ARI incidence",2024-02-25,3,"ES","quantile","0.25",575.702913146338
2024-02-14,"ARI incidence",2024-02-25,3,"ES","quantile","0.3",615.244629595879
2024-02-14,"ARI incidence",2024-02-25,3,"ES","quantile","0.35",650.90907680987
2024-02-14,"ARI incidence",2024-02-25,3,"ES","quantile","0.4",682.138414266571
2024-02-14,"ARI incidence",2024-02-25,3,"ES","quantile","0.45",716.495717040462
2024-02-14,"ARI incidence",2024-02-25,3,"ES","quantile","0.5",747.928796840486
2024-02-14,"ARI incidence",2024-02-25,3,"ES","quantile","0.55",777.576498810348
2024-02-14,"ARI incidence",2024-02-25,3,"ES","quantile","0.6",811.995520172883
2024-02-14,"ARI incidence",2024-02-25,3,"ES","quantile","0.65",843.838012215814
2024-02-14,"ARI incidence",2024-02-25,3,"ES","quantile","0.7",881.078386274693
2024-02-14,"ARI incidence",2024-02-25,3,"ES","quantile","0.75",918.943708664521
2024-02-14,"ARI incidence",2024-02-25,3,"ES","quantile","0.8",962.600277617362
2024-02-14,"ARI incidence",2024-02-25,3,"ES","quantile","0.85",1011.81337693004
2024-02-14,"ARI incidence",2024-02-25,3,"ES","quantile","0.9",1073.93123603334
2024-02-14,"ARI incidence",2024-02-25,3,"ES","quantile","0.95",1174.2058710532
2024-02-14,"ARI incidence",2024-02-25,3,"ES","quantile","0.975",1266.00006573298
2024-02-14,"ARI incidence",2024-02-25,3,"ES","quantile","0.99",1358.28389569756
2024-02-14,"ARI incidence",2024-03-03,4,"ES","median","",746.061475409836
2024-02-14,"ARI incidence",2024-03-03,4,"ES","quantile","0.01",0
2024-02-14,"ARI incidence",2024-03-03,4,"ES","quantile","0.025",17.336533357506
2024-02-14,"ARI incidence",2024-03-03,4,"ES","quantile","0.05",143.385149065522
2024-02-14,"ARI incidence",2024-03-03,4,"ES","quantile","0.1",268.756331823144
2024-02-14,"ARI incidence",2024-03-03,4,"ES","quantile","0.15",364.396137089256
2024-02-14,"ARI incidence",2024-03-03,4,"ES","quantile","0.2",436.920788541044
2024-02-14,"ARI incidence",2024-03-03,4,"ES","quantile","0.25",499.870639333649
2024-02-14,"ARI incidence",2024-03-03,4,"ES","quantile","0.3",557.753241982352
2024-02-14,"ARI incidence",2024-03-03,4,"ES","quantile","0.35",609.699051689274
2024-02-14,"ARI incidence",2024-03-03,4,"ES","quantile","0.4",655.05501944668
2024-02-14,"ARI incidence",2024-03-03,4,"ES","quantile","0.45",702.005799486829
2024-02-14,"ARI incidence",2024-03-03,4,"ES","quantile","0.5",748.532337326176
2024-02-14,"ARI incidence",2024-03-03,4,"ES","quantile","0.55",793.667765961238
2024-02-14,"ARI incidence",2024-03-03,4,"ES","quantile","0.6",842.666901761675
2024-02-14,"ARI incidence",2024-03-03,4,"ES","quantile","0.65",888.612576335683
2024-02-14,"ARI incidence",2024-03-03,4,"ES","quantile","0.7",942.902082187398
2024-02-14,"ARI incidence",2024-03-03,4,"ES","quantile","0.75",1003.59008459911
2024-02-14,"ARI incidence",2024-03-03,4,"ES","quantile","0.8",1063.74341672713
2024-02-14,"ARI incidence",2024-03-03,4,"ES","quantile","0.85",1133.59109291441
2024-02-14,"ARI incidence",2024-03-03,4,"ES","quantile","0.9",1222.78082142909
2024-02-14,"ARI incidence",2024-03-03,4,"ES","quantile","0.95",1369.81249217817
2024-02-14,"ARI incidence",2024-03-03,4,"ES","quantile","0.975",1484.59688884145
2024-02-14,"ARI incidence",2024-03-03,4,"ES","quantile","0.99",1645.83943541598
