origin_date,target,target_end_date,horizon,location,output_type,output_type_id,value
2024-01-17,ARI incidence,2024-01-14,1,BE,quantile,0.01,851.33
2024-01-17,ARI incidence,2024-01-14,1,BE,quantile,0.025,910.17
2024-01-17,ARI incidence,2024-01-14,1,BE,quantile,0.05,949.1
2024-01-17,ARI incidence,2024-01-14,1,BE,quantile,0.1,1012.56
2024-01-17,ARI incidence,2024-01-14,1,BE,quantile,0.15,1047.14
2024-01-17,ARI incidence,2024-01-14,1,BE,quantile,0.2,1072.25
2024-01-17,ARI incidence,2024-01-14,1,BE,quantile,0.25,1102.47
2024-01-17,ARI incidence,2024-01-14,1,BE,quantile,0.3,1121.65
2024-01-17,ARI incidence,2024-01-14,1,BE,quantile,0.35,1148.1
2024-01-17,ARI incidence,2024-01-14,1,BE,quantile,0.4,1168.31
2024-01-17,ARI incidence,2024-01-14,1,BE,quantile,0.45,1188.59
2024-01-17,ARI incidence,2024-01-14,1,BE,quantile,0.5,1207.77
2024-01-17,ARI incidence,2024-01-14,1,BE,quantile,0.55,1230.45
2024-01-17,ARI incidence,2024-01-14,1,BE,quantile,0.6,1247.37
2024-01-17,ARI incidence,2024-01-14,1,BE,quantile,0.65,1269.81
2024-01-17,ARI incidence,2024-01-14,1,BE,quantile,0.7,1289.17
2024-01-17,ARI incidence,2024-01-14,1,BE,quantile,0.75,1307.12
2024-01-17,ARI incidence,2024-01-14,1,BE,quantile,0.8,1329.77
2024-01-17,ARI incidence,2024-01-14,1,BE,quantile,0.85,1367.02
2024-01-17,ARI incidence,2024-01-14,1,BE,quantile,0.9,1392.16
2024-01-17,ARI incidence,2024-01-14,1,BE,quantile,0.95,1450.8
2024-01-17,ARI incidence,2024-01-14,1,BE,quantile,0.975,1509.72
2024-01-17,ARI incidence,2024-01-14,1,BE,quantile,0.99,1558.75
2024-01-17,ARI incidence,2024-01-14,1,BE,median,NA,1207.77
2024-01-17,ARI incidence,2024-01-21,2,BE,quantile,0.01,744.77
2024-01-17,ARI incidence,2024-01-21,2,BE,quantile,0.025,816.66
2024-01-17,ARI incidence,2024-01-21,2,BE,quantile,0.05,874.54
2024-01-17,ARI incidence,2024-01-21,2,BE,quantile,0.1,942.74
2024-01-17,ARI incidence,2024-01-21,2,BE,quantile,0.15,983.92
2024-01-17,ARI incidence,2024-01-21,2,BE,quantile,0.2,1024.91
2024-01-17,ARI incidence,2024-01-21,2,BE,quantile,0.25,1070.88
2024-01-17,ARI incidence,2024-01-21,2,BE,quantile,0.3,1103.3
2024-01-17,ARI incidence,2024-01-21,2,BE,quantile,0.35,1129.68
2024-01-17,ARI incidence,2024-01-21,2,BE,quantile,0.4,1170.21
2024-01-17,ARI incidence,2024-01-21,2,BE,quantile,0.45,1188.74
2024-01-17,ARI incidence,2024-01-21,2,BE,quantile,0.5,1214.46
2024-01-17,ARI incidence,2024-01-21,2,BE,quantile,0.55,1247.1
2024-01-17,ARI incidence,2024-01-21,2,BE,quantile,0.6,1271.86
2024-01-17,ARI incidence,2024-01-21,2,BE,quantile,0.65,1295.86
2024-01-17,ARI incidence,2024-01-21,2,BE,quantile,0.7,1325.52
2024-01-17,ARI incidence,2024-01-21,2,BE,quantile,0.75,1360.51
2024-01-17,ARI incidence,2024-01-21,2,BE,quantile,0.8,1408.13
2024-01-17,ARI incidence,2024-01-21,2,BE,quantile,0.85,1440.06
2024-01-17,ARI incidence,2024-01-21,2,BE,quantile,0.9,1490.76
2024-01-17,ARI incidence,2024-01-21,2,BE,quantile,0.95,1553
2024-01-17,ARI incidence,2024-01-21,2,BE,quantile,0.975,1612.25
2024-01-17,ARI incidence,2024-01-21,2,BE,quantile,0.99,1710.41
2024-01-17,ARI incidence,2024-01-21,2,BE,median,NA,1214.46
2024-01-17,ARI incidence,2024-01-28,3,BE,quantile,0.01,622.52
2024-01-17,ARI incidence,2024-01-28,3,BE,quantile,0.025,752.8
2024-01-17,ARI incidence,2024-01-28,3,BE,quantile,0.05,825.83
2024-01-17,ARI incidence,2024-01-28,3,BE,quantile,0.1,901.92
2024-01-17,ARI incidence,2024-01-28,3,BE,quantile,0.15,956.39
2024-01-17,ARI incidence,2024-01-28,3,BE,quantile,0.2,1004.23
2024-01-17,ARI incidence,2024-01-28,3,BE,quantile,0.25,1038.3
2024-01-17,ARI incidence,2024-01-28,3,BE,quantile,0.3,1077.78
2024-01-17,ARI incidence,2024-01-28,3,BE,quantile,0.35,1108.21
2024-01-17,ARI incidence,2024-01-28,3,BE,quantile,0.4,1139.27
2024-01-17,ARI incidence,2024-01-28,3,BE,quantile,0.45,1179.86
2024-01-17,ARI incidence,2024-01-28,3,BE,quantile,0.5,1200.86
2024-01-17,ARI incidence,2024-01-28,3,BE,quantile,0.55,1233.22
2024-01-17,ARI incidence,2024-01-28,3,BE,quantile,0.6,1259.78
2024-01-17,ARI incidence,2024-01-28,3,BE,quantile,0.65,1307.17
2024-01-17,ARI incidence,2024-01-28,3,BE,quantile,0.7,1353.03
2024-01-17,ARI incidence,2024-01-28,3,BE,quantile,0.75,1405.91
2024-01-17,ARI incidence,2024-01-28,3,BE,quantile,0.8,1444.16
2024-01-17,ARI incidence,2024-01-28,3,BE,quantile,0.85,1482.53
2024-01-17,ARI incidence,2024-01-28,3,BE,quantile,0.9,1535.79
2024-01-17,ARI incidence,2024-01-28,3,BE,quantile,0.95,1612.87
2024-01-17,ARI incidence,2024-01-28,3,BE,quantile,0.975,1668.38
2024-01-17,ARI incidence,2024-01-28,3,BE,quantile,0.99,1794.93
2024-01-17,ARI incidence,2024-01-28,3,BE,median,NA,1200.86
2024-01-17,ARI incidence,2024-02-04,4,BE,quantile,0.01,611.14
2024-01-17,ARI incidence,2024-02-04,4,BE,quantile,0.025,684.57
2024-01-17,ARI incidence,2024-02-04,4,BE,quantile,0.05,748.29
2024-01-17,ARI incidence,2024-02-04,4,BE,quantile,0.1,851.2
2024-01-17,ARI incidence,2024-02-04,4,BE,quantile,0.15,936.53
2024-01-17,ARI incidence,2024-02-04,4,BE,quantile,0.2,975.4
2024-01-17,ARI incidence,2024-02-04,4,BE,quantile,0.25,1015.25
2024-01-17,ARI incidence,2024-02-04,4,BE,quantile,0.3,1054.67
2024-01-17,ARI incidence,2024-02-04,4,BE,quantile,0.35,1093.22
2024-01-17,ARI incidence,2024-02-04,4,BE,quantile,0.4,1132.02
2024-01-17,ARI incidence,2024-02-04,4,BE,quantile,0.45,1178.58
2024-01-17,ARI incidence,2024-02-04,4,BE,quantile,0.5,1214.63
2024-01-17,ARI incidence,2024-02-04,4,BE,quantile,0.55,1255.78
2024-01-17,ARI incidence,2024-02-04,4,BE,quantile,0.6,1307.55
2024-01-17,ARI incidence,2024-02-04,4,BE,quantile,0.65,1346.57
2024-01-17,ARI incidence,2024-02-04,4,BE,quantile,0.7,1382.65
2024-01-17,ARI incidence,2024-02-04,4,BE,quantile,0.75,1424.58
2024-01-17,ARI incidence,2024-02-04,4,BE,quantile,0.8,1482.97
2024-01-17,ARI incidence,2024-02-04,4,BE,quantile,0.85,1536.34
2024-01-17,ARI incidence,2024-02-04,4,BE,quantile,0.9,1598.28
2024-01-17,ARI incidence,2024-02-04,4,BE,quantile,0.95,1689.42
2024-01-17,ARI incidence,2024-02-04,4,BE,quantile,0.975,1804.45
2024-01-17,ARI incidence,2024-02-04,4,BE,quantile,0.99,1948.39
2024-01-17,ARI incidence,2024-02-04,4,BE,median,NA,1214.63
2024-01-17,ARI incidence,2024-01-14,1,BG,quantile,0.01,733.04
2024-01-17,ARI incidence,2024-01-14,1,BG,quantile,0.025,791.24
2024-01-17,ARI incidence,2024-01-14,1,BG,quantile,0.05,817.79
2024-01-17,ARI incidence,2024-01-14,1,BG,quantile,0.1,898.62
2024-01-17,ARI incidence,2024-01-14,1,BG,quantile,0.15,930.17
2024-01-17,ARI incidence,2024-01-14,1,BG,quantile,0.2,962.87
2024-01-17,ARI incidence,2024-01-14,1,BG,quantile,0.25,998.14
2024-01-17,ARI incidence,2024-01-14,1,BG,quantile,0.3,1023.96
2024-01-17,ARI incidence,2024-01-14,1,BG,quantile,0.35,1049.53
2024-01-17,ARI incidence,2024-01-14,1,BG,quantile,0.4,1069.56
2024-01-17,ARI incidence,2024-01-14,1,BG,quantile,0.45,1089.25
2024-01-17,ARI incidence,2024-01-14,1,BG,quantile,0.5,1109.5
2024-01-17,ARI incidence,2024-01-14,1,BG,quantile,0.55,1136.51
2024-01-17,ARI incidence,2024-01-14,1,BG,quantile,0.6,1152.46
2024-01-17,ARI incidence,2024-01-14,1,BG,quantile,0.65,1177.81
2024-01-17,ARI incidence,2024-01-14,1,BG,quantile,0.7,1197.81
2024-01-17,ARI incidence,2024-01-14,1,BG,quantile,0.75,1214.89
2024-01-17,ARI incidence,2024-01-14,1,BG,quantile,0.8,1235.96
2024-01-17,ARI incidence,2024-01-14,1,BG,quantile,0.85,1264.17
2024-01-17,ARI incidence,2024-01-14,1,BG,quantile,0.9,1306.28
2024-01-17,ARI incidence,2024-01-14,1,BG,quantile,0.95,1352.87
2024-01-17,ARI incidence,2024-01-14,1,BG,quantile,0.975,1438.53
2024-01-17,ARI incidence,2024-01-14,1,BG,quantile,0.99,1514.28
2024-01-17,ARI incidence,2024-01-14,1,BG,median,NA,1109.5
2024-01-17,ARI incidence,2024-01-21,2,BG,quantile,0.01,669.12
2024-01-17,ARI incidence,2024-01-21,2,BG,quantile,0.025,756.62
2024-01-17,ARI incidence,2024-01-21,2,BG,quantile,0.05,809.31
2024-01-17,ARI incidence,2024-01-21,2,BG,quantile,0.1,885.19
2024-01-17,ARI incidence,2024-01-21,2,BG,quantile,0.15,921.55
2024-01-17,ARI incidence,2024-01-21,2,BG,quantile,0.2,964.78
2024-01-17,ARI incidence,2024-01-21,2,BG,quantile,0.25,1006.94
2024-01-17,ARI incidence,2024-01-21,2,BG,quantile,0.3,1037.31
2024-01-17,ARI incidence,2024-01-21,2,BG,quantile,0.35,1057.19
2024-01-17,ARI incidence,2024-01-21,2,BG,quantile,0.4,1100.62
2024-01-17,ARI incidence,2024-01-21,2,BG,quantile,0.45,1121.71
2024-01-17,ARI incidence,2024-01-21,2,BG,quantile,0.5,1146.75
2024-01-17,ARI incidence,2024-01-21,2,BG,quantile,0.55,1167.02
2024-01-17,ARI incidence,2024-01-21,2,BG,quantile,0.6,1191.86
2024-01-17,ARI incidence,2024-01-21,2,BG,quantile,0.65,1213.84
2024-01-17,ARI incidence,2024-01-21,2,BG,quantile,0.7,1243.76
2024-01-17,ARI incidence,2024-01-21,2,BG,quantile,0.75,1279.5
2024-01-17,ARI incidence,2024-01-21,2,BG,quantile,0.8,1326.08
2024-01-17,ARI incidence,2024-01-21,2,BG,quantile,0.85,1357.83
2024-01-17,ARI incidence,2024-01-21,2,BG,quantile,0.9,1410.72
2024-01-17,ARI incidence,2024-01-21,2,BG,quantile,0.95,1479.21
2024-01-17,ARI incidence,2024-01-21,2,BG,quantile,0.975,1550.07
2024-01-17,ARI incidence,2024-01-21,2,BG,quantile,0.99,1619.55
2024-01-17,ARI incidence,2024-01-21,2,BG,median,NA,1146.75
2024-01-17,ARI incidence,2024-01-28,3,BG,quantile,0.01,564.85
2024-01-17,ARI incidence,2024-01-28,3,BG,quantile,0.025,637.47
2024-01-17,ARI incidence,2024-01-28,3,BG,quantile,0.05,729.08
2024-01-17,ARI incidence,2024-01-28,3,BG,quantile,0.1,817.02
2024-01-17,ARI incidence,2024-01-28,3,BG,quantile,0.15,872.41
2024-01-17,ARI incidence,2024-01-28,3,BG,quantile,0.2,917.18
2024-01-17,ARI incidence,2024-01-28,3,BG,quantile,0.25,955.12
2024-01-17,ARI incidence,2024-01-28,3,BG,quantile,0.3,991.02
2024-01-17,ARI incidence,2024-01-28,3,BG,quantile,0.35,1020.73
2024-01-17,ARI incidence,2024-01-28,3,BG,quantile,0.4,1055.96
2024-01-17,ARI incidence,2024-01-28,3,BG,quantile,0.45,1092.19
2024-01-17,ARI incidence,2024-01-28,3,BG,quantile,0.5,1123.34
2024-01-17,ARI incidence,2024-01-28,3,BG,quantile,0.55,1158.38
2024-01-17,ARI incidence,2024-01-28,3,BG,quantile,0.6,1190.36
2024-01-17,ARI incidence,2024-01-28,3,BG,quantile,0.65,1229.13
2024-01-17,ARI incidence,2024-01-28,3,BG,quantile,0.7,1275.22
2024-01-17,ARI incidence,2024-01-28,3,BG,quantile,0.75,1324.29
2024-01-17,ARI incidence,2024-01-28,3,BG,quantile,0.8,1357.55
2024-01-17,ARI incidence,2024-01-28,3,BG,quantile,0.85,1410.4
2024-01-17,ARI incidence,2024-01-28,3,BG,quantile,0.9,1467.01
2024-01-17,ARI incidence,2024-01-28,3,BG,quantile,0.95,1557.19
2024-01-17,ARI incidence,2024-01-28,3,BG,quantile,0.975,1643.93
2024-01-17,ARI incidence,2024-01-28,3,BG,quantile,0.99,1819.8
2024-01-17,ARI incidence,2024-01-28,3,BG,median,NA,1123.34
2024-01-17,ARI incidence,2024-02-04,4,BG,quantile,0.01,520.76
2024-01-17,ARI incidence,2024-02-04,4,BG,quantile,0.025,602.39
2024-01-17,ARI incidence,2024-02-04,4,BG,quantile,0.05,669.56
2024-01-17,ARI incidence,2024-02-04,4,BG,quantile,0.1,768.18
2024-01-17,ARI incidence,2024-02-04,4,BG,quantile,0.15,837.59
2024-01-17,ARI incidence,2024-02-04,4,BG,quantile,0.2,894.82
2024-01-17,ARI incidence,2024-02-04,4,BG,quantile,0.25,937.61
2024-01-17,ARI incidence,2024-02-04,4,BG,quantile,0.3,971.47
2024-01-17,ARI incidence,2024-02-04,4,BG,quantile,0.35,1006.83
2024-01-17,ARI incidence,2024-02-04,4,BG,quantile,0.4,1046.74
2024-01-17,ARI incidence,2024-02-04,4,BG,quantile,0.45,1092.64
2024-01-17,ARI incidence,2024-02-04,4,BG,quantile,0.5,1128.87
2024-01-17,ARI incidence,2024-02-04,4,BG,quantile,0.55,1160.49
2024-01-17,ARI incidence,2024-02-04,4,BG,quantile,0.6,1201.96
2024-01-17,ARI incidence,2024-02-04,4,BG,quantile,0.65,1237.78
2024-01-17,ARI incidence,2024-02-04,4,BG,quantile,0.7,1279.47
2024-01-17,ARI incidence,2024-02-04,4,BG,quantile,0.75,1325.81
2024-01-17,ARI incidence,2024-02-04,4,BG,quantile,0.8,1386.84
2024-01-17,ARI incidence,2024-02-04,4,BG,quantile,0.85,1442.27
2024-01-17,ARI incidence,2024-02-04,4,BG,quantile,0.9,1526.3
2024-01-17,ARI incidence,2024-02-04,4,BG,quantile,0.95,1641.05
2024-01-17,ARI incidence,2024-02-04,4,BG,quantile,0.975,1806.87
2024-01-17,ARI incidence,2024-02-04,4,BG,quantile,0.99,2027.26
2024-01-17,ARI incidence,2024-02-04,4,BG,median,NA,1128.87
2024-01-17,ARI incidence,2024-01-14,1,CZ,quantile,0.01,767.2
2024-01-17,ARI incidence,2024-01-14,1,CZ,quantile,0.025,804.39
2024-01-17,ARI incidence,2024-01-14,1,CZ,quantile,0.05,834.07
2024-01-17,ARI incidence,2024-01-14,1,CZ,quantile,0.1,896.79
2024-01-17,ARI incidence,2024-01-14,1,CZ,quantile,0.15,916.45
2024-01-17,ARI incidence,2024-01-14,1,CZ,quantile,0.2,943.29
2024-01-17,ARI incidence,2024-01-14,1,CZ,quantile,0.25,968.06
2024-01-17,ARI incidence,2024-01-14,1,CZ,quantile,0.3,990.51
2024-01-17,ARI incidence,2024-01-14,1,CZ,quantile,0.35,1017.43
2024-01-17,ARI incidence,2024-01-14,1,CZ,quantile,0.4,1032.89
2024-01-17,ARI incidence,2024-01-14,1,CZ,quantile,0.45,1047.88
2024-01-17,ARI incidence,2024-01-14,1,CZ,quantile,0.5,1064.61
2024-01-17,ARI incidence,2024-01-14,1,CZ,quantile,0.55,1090.09
2024-01-17,ARI incidence,2024-01-14,1,CZ,quantile,0.6,1105.95
2024-01-17,ARI incidence,2024-01-14,1,CZ,quantile,0.65,1123.47
2024-01-17,ARI incidence,2024-01-14,1,CZ,quantile,0.7,1140.74
2024-01-17,ARI incidence,2024-01-14,1,CZ,quantile,0.75,1156.08
2024-01-17,ARI incidence,2024-01-14,1,CZ,quantile,0.8,1169.23
2024-01-17,ARI incidence,2024-01-14,1,CZ,quantile,0.85,1194.67
2024-01-17,ARI incidence,2024-01-14,1,CZ,quantile,0.9,1225.72
2024-01-17,ARI incidence,2024-01-14,1,CZ,quantile,0.95,1273.19
2024-01-17,ARI incidence,2024-01-14,1,CZ,quantile,0.975,1349.83
2024-01-17,ARI incidence,2024-01-14,1,CZ,quantile,0.99,1430.32
2024-01-17,ARI incidence,2024-01-14,1,CZ,median,NA,1064.61
2024-01-17,ARI incidence,2024-01-21,2,CZ,quantile,0.01,618.74
2024-01-17,ARI incidence,2024-01-21,2,CZ,quantile,0.025,693.96
2024-01-17,ARI incidence,2024-01-21,2,CZ,quantile,0.05,757.34
2024-01-17,ARI incidence,2024-01-21,2,CZ,quantile,0.1,828.34
2024-01-17,ARI incidence,2024-01-21,2,CZ,quantile,0.15,868.92
2024-01-17,ARI incidence,2024-01-21,2,CZ,quantile,0.2,897.96
2024-01-17,ARI incidence,2024-01-21,2,CZ,quantile,0.25,931.04
2024-01-17,ARI incidence,2024-01-21,2,CZ,quantile,0.3,962.75
2024-01-17,ARI incidence,2024-01-21,2,CZ,quantile,0.35,985.12
2024-01-17,ARI incidence,2024-01-21,2,CZ,quantile,0.4,1021.26
2024-01-17,ARI incidence,2024-01-21,2,CZ,quantile,0.45,1039.92
2024-01-17,ARI incidence,2024-01-21,2,CZ,quantile,0.5,1061.09
2024-01-17,ARI incidence,2024-01-21,2,CZ,quantile,0.55,1082.59
2024-01-17,ARI incidence,2024-01-21,2,CZ,quantile,0.6,1109.41
2024-01-17,ARI incidence,2024-01-21,2,CZ,quantile,0.65,1135.34
2024-01-17,ARI incidence,2024-01-21,2,CZ,quantile,0.7,1168.01
2024-01-17,ARI incidence,2024-01-21,2,CZ,quantile,0.75,1196.36
2024-01-17,ARI incidence,2024-01-21,2,CZ,quantile,0.8,1230.55
2024-01-17,ARI incidence,2024-01-21,2,CZ,quantile,0.85,1276.98
2024-01-17,ARI incidence,2024-01-21,2,CZ,quantile,0.9,1327.27
2024-01-17,ARI incidence,2024-01-21,2,CZ,quantile,0.95,1396.64
2024-01-17,ARI incidence,2024-01-21,2,CZ,quantile,0.975,1469.44
2024-01-17,ARI incidence,2024-01-21,2,CZ,quantile,0.99,1567.89
2024-01-17,ARI incidence,2024-01-21,2,CZ,median,NA,1061.09
2024-01-17,ARI incidence,2024-01-28,3,CZ,quantile,0.01,544.74
2024-01-17,ARI incidence,2024-01-28,3,CZ,quantile,0.025,623.81
2024-01-17,ARI incidence,2024-01-28,3,CZ,quantile,0.05,685.09
2024-01-17,ARI incidence,2024-01-28,3,CZ,quantile,0.1,762.73
2024-01-17,ARI incidence,2024-01-28,3,CZ,quantile,0.15,826.66
2024-01-17,ARI incidence,2024-01-28,3,CZ,quantile,0.2,865.85
2024-01-17,ARI incidence,2024-01-28,3,CZ,quantile,0.25,899.83
2024-01-17,ARI incidence,2024-01-28,3,CZ,quantile,0.3,927.1
2024-01-17,ARI incidence,2024-01-28,3,CZ,quantile,0.35,957.68
2024-01-17,ARI incidence,2024-01-28,3,CZ,quantile,0.4,993.97
2024-01-17,ARI incidence,2024-01-28,3,CZ,quantile,0.45,1029.3
2024-01-17,ARI incidence,2024-01-28,3,CZ,quantile,0.5,1052.74
2024-01-17,ARI incidence,2024-01-28,3,CZ,quantile,0.55,1086.28
2024-01-17,ARI incidence,2024-01-28,3,CZ,quantile,0.6,1119.96
2024-01-17,ARI incidence,2024-01-28,3,CZ,quantile,0.65,1153.3
2024-01-17,ARI incidence,2024-01-28,3,CZ,quantile,0.7,1199.66
2024-01-17,ARI incidence,2024-01-28,3,CZ,quantile,0.75,1243.05
2024-01-17,ARI incidence,2024-01-28,3,CZ,quantile,0.8,1287.88
2024-01-17,ARI incidence,2024-01-28,3,CZ,quantile,0.85,1335.84
2024-01-17,ARI incidence,2024-01-28,3,CZ,quantile,0.9,1402.28
2024-01-17,ARI incidence,2024-01-28,3,CZ,quantile,0.95,1477.75
2024-01-17,ARI incidence,2024-01-28,3,CZ,quantile,0.975,1547.75
2024-01-17,ARI incidence,2024-01-28,3,CZ,quantile,0.99,1664.48
2024-01-17,ARI incidence,2024-01-28,3,CZ,median,NA,1052.74
2024-01-17,ARI incidence,2024-02-04,4,CZ,quantile,0.01,527.41
2024-01-17,ARI incidence,2024-02-04,4,CZ,quantile,0.025,579.38
2024-01-17,ARI incidence,2024-02-04,4,CZ,quantile,0.05,646.95
2024-01-17,ARI incidence,2024-02-04,4,CZ,quantile,0.1,739.28
2024-01-17,ARI incidence,2024-02-04,4,CZ,quantile,0.15,821.5
2024-01-17,ARI incidence,2024-02-04,4,CZ,quantile,0.2,868.53
2024-01-17,ARI incidence,2024-02-04,4,CZ,quantile,0.25,901.58
2024-01-17,ARI incidence,2024-02-04,4,CZ,quantile,0.3,936.38
2024-01-17,ARI incidence,2024-02-04,4,CZ,quantile,0.35,974.65
2024-01-17,ARI incidence,2024-02-04,4,CZ,quantile,0.4,1005.17
2024-01-17,ARI incidence,2024-02-04,4,CZ,quantile,0.45,1040.86
2024-01-17,ARI incidence,2024-02-04,4,CZ,quantile,0.5,1073.13
2024-01-17,ARI incidence,2024-02-04,4,CZ,quantile,0.55,1103.98
2024-01-17,ARI incidence,2024-02-04,4,CZ,quantile,0.6,1145.95
2024-01-17,ARI incidence,2024-02-04,4,CZ,quantile,0.65,1178.46
2024-01-17,ARI incidence,2024-02-04,4,CZ,quantile,0.7,1204.93
2024-01-17,ARI incidence,2024-02-04,4,CZ,quantile,0.75,1253.91
2024-01-17,ARI incidence,2024-02-04,4,CZ,quantile,0.8,1307.11
2024-01-17,ARI incidence,2024-02-04,4,CZ,quantile,0.85,1364.38
2024-01-17,ARI incidence,2024-02-04,4,CZ,quantile,0.9,1428.47
2024-01-17,ARI incidence,2024-02-04,4,CZ,quantile,0.95,1544.83
2024-01-17,ARI incidence,2024-02-04,4,CZ,quantile,0.975,1679.15
2024-01-17,ARI incidence,2024-02-04,4,CZ,quantile,0.99,1861.35
2024-01-17,ARI incidence,2024-02-04,4,CZ,median,NA,1073.13
2024-01-17,ARI incidence,2024-01-14,1,DE,quantile,0.01,1111.33
2024-01-17,ARI incidence,2024-01-14,1,DE,quantile,0.025,1192.36
2024-01-17,ARI incidence,2024-01-14,1,DE,quantile,0.05,1286.49
2024-01-17,ARI incidence,2024-01-14,1,DE,quantile,0.1,1426.77
2024-01-17,ARI incidence,2024-01-14,1,DE,quantile,0.15,1470.37
2024-01-17,ARI incidence,2024-01-14,1,DE,quantile,0.2,1521.07
2024-01-17,ARI incidence,2024-01-14,1,DE,quantile,0.25,1576.01
2024-01-17,ARI incidence,2024-01-14,1,DE,quantile,0.3,1614.48
2024-01-17,ARI incidence,2024-01-14,1,DE,quantile,0.35,1660.53
2024-01-17,ARI incidence,2024-01-14,1,DE,quantile,0.4,1688.49
2024-01-17,ARI incidence,2024-01-14,1,DE,quantile,0.45,1721.05
2024-01-17,ARI incidence,2024-01-14,1,DE,quantile,0.5,1757.95
2024-01-17,ARI incidence,2024-01-14,1,DE,quantile,0.55,1798.1
2024-01-17,ARI incidence,2024-01-14,1,DE,quantile,0.6,1838.27
2024-01-17,ARI incidence,2024-01-14,1,DE,quantile,0.65,1868.29
2024-01-17,ARI incidence,2024-01-14,1,DE,quantile,0.7,1900.33
2024-01-17,ARI incidence,2024-01-14,1,DE,quantile,0.75,1926.09
2024-01-17,ARI incidence,2024-01-14,1,DE,quantile,0.8,1965.64
2024-01-17,ARI incidence,2024-01-14,1,DE,quantile,0.85,2005.75
2024-01-17,ARI incidence,2024-01-14,1,DE,quantile,0.9,2056.85
2024-01-17,ARI incidence,2024-01-14,1,DE,quantile,0.95,2170.45
2024-01-17,ARI incidence,2024-01-14,1,DE,quantile,0.975,2257.93
2024-01-17,ARI incidence,2024-01-14,1,DE,quantile,0.99,2370.3
2024-01-17,ARI incidence,2024-01-14,1,DE,median,NA,1757.95
2024-01-17,ARI incidence,2024-01-21,2,DE,quantile,0.01,933.98
2024-01-17,ARI incidence,2024-01-21,2,DE,quantile,0.025,1004.89
2024-01-17,ARI incidence,2024-01-21,2,DE,quantile,0.05,1130.4
2024-01-17,ARI incidence,2024-01-21,2,DE,quantile,0.1,1274.98
2024-01-17,ARI incidence,2024-01-21,2,DE,quantile,0.15,1342.16
2024-01-17,ARI incidence,2024-01-21,2,DE,quantile,0.2,1400.65
2024-01-17,ARI incidence,2024-01-21,2,DE,quantile,0.25,1479.31
2024-01-17,ARI incidence,2024-01-21,2,DE,quantile,0.3,1536.63
2024-01-17,ARI incidence,2024-01-21,2,DE,quantile,0.35,1570.91
2024-01-17,ARI incidence,2024-01-21,2,DE,quantile,0.4,1633.73
2024-01-17,ARI incidence,2024-01-21,2,DE,quantile,0.45,1675.63
2024-01-17,ARI incidence,2024-01-21,2,DE,quantile,0.5,1727.95
2024-01-17,ARI incidence,2024-01-21,2,DE,quantile,0.55,1780.54
2024-01-17,ARI incidence,2024-01-21,2,DE,quantile,0.6,1830.19
2024-01-17,ARI incidence,2024-01-21,2,DE,quantile,0.65,1876.03
2024-01-17,ARI incidence,2024-01-21,2,DE,quantile,0.7,1924.5
2024-01-17,ARI incidence,2024-01-21,2,DE,quantile,0.75,1990.34
2024-01-17,ARI incidence,2024-01-21,2,DE,quantile,0.8,2073.54
2024-01-17,ARI incidence,2024-01-21,2,DE,quantile,0.85,2158.16
2024-01-17,ARI incidence,2024-01-21,2,DE,quantile,0.9,2251.19
2024-01-17,ARI incidence,2024-01-21,2,DE,quantile,0.95,2376.95
2024-01-17,ARI incidence,2024-01-21,2,DE,quantile,0.975,2547.22
2024-01-17,ARI incidence,2024-01-21,2,DE,quantile,0.99,2748.58
2024-01-17,ARI incidence,2024-01-21,2,DE,median,NA,1727.95
2024-01-17,ARI incidence,2024-01-28,3,DE,quantile,0.01,763.01
2024-01-17,ARI incidence,2024-01-28,3,DE,quantile,0.025,925.12
2024-01-17,ARI incidence,2024-01-28,3,DE,quantile,0.05,1040.23
2024-01-17,ARI incidence,2024-01-28,3,DE,quantile,0.1,1189.11
2024-01-17,ARI incidence,2024-01-28,3,DE,quantile,0.15,1287.86
2024-01-17,ARI incidence,2024-01-28,3,DE,quantile,0.2,1347.98
2024-01-17,ARI incidence,2024-01-28,3,DE,quantile,0.25,1412.67
2024-01-17,ARI incidence,2024-01-28,3,DE,quantile,0.3,1459.11
2024-01-17,ARI incidence,2024-01-28,3,DE,quantile,0.35,1498.73
2024-01-17,ARI incidence,2024-01-28,3,DE,quantile,0.4,1565.5
2024-01-17,ARI incidence,2024-01-28,3,DE,quantile,0.45,1623.77
2024-01-17,ARI incidence,2024-01-28,3,DE,quantile,0.5,1682.47
2024-01-17,ARI incidence,2024-01-28,3,DE,quantile,0.55,1754.28
2024-01-17,ARI incidence,2024-01-28,3,DE,quantile,0.6,1818.59
2024-01-17,ARI incidence,2024-01-28,3,DE,quantile,0.65,1878.59
2024-01-17,ARI incidence,2024-01-28,3,DE,quantile,0.7,1963.57
2024-01-17,ARI incidence,2024-01-28,3,DE,quantile,0.75,2051.36
2024-01-17,ARI incidence,2024-01-28,3,DE,quantile,0.8,2107.15
2024-01-17,ARI incidence,2024-01-28,3,DE,quantile,0.85,2187.62
2024-01-17,ARI incidence,2024-01-28,3,DE,quantile,0.9,2307.84
2024-01-17,ARI incidence,2024-01-28,3,DE,quantile,0.95,2439.05
2024-01-17,ARI incidence,2024-01-28,3,DE,quantile,0.975,2568.1
2024-01-17,ARI incidence,2024-01-28,3,DE,quantile,0.99,2756.26
2024-01-17,ARI incidence,2024-01-28,3,DE,median,NA,1682.47
2024-01-17,ARI incidence,2024-02-04,4,DE,quantile,0.01,662.29
2024-01-17,ARI incidence,2024-02-04,4,DE,quantile,0.025,796.31
2024-01-17,ARI incidence,2024-02-04,4,DE,quantile,0.05,934.53
2024-01-17,ARI incidence,2024-02-04,4,DE,quantile,0.1,1075.56
2024-01-17,ARI incidence,2024-02-04,4,DE,quantile,0.15,1207.62
2024-01-17,ARI incidence,2024-02-04,4,DE,quantile,0.2,1261.41
2024-01-17,ARI incidence,2024-02-04,4,DE,quantile,0.25,1346.82
2024-01-17,ARI incidence,2024-02-04,4,DE,quantile,0.3,1408.41
2024-01-17,ARI incidence,2024-02-04,4,DE,quantile,0.35,1497.94
2024-01-17,ARI incidence,2024-02-04,4,DE,quantile,0.4,1563.39
2024-01-17,ARI incidence,2024-02-04,4,DE,quantile,0.45,1635
2024-01-17,ARI incidence,2024-02-04,4,DE,quantile,0.5,1690.25
2024-01-17,ARI incidence,2024-02-04,4,DE,quantile,0.55,1745.05
2024-01-17,ARI incidence,2024-02-04,4,DE,quantile,0.6,1822.44
2024-01-17,ARI incidence,2024-02-04,4,DE,quantile,0.65,1897.01
2024-01-17,ARI incidence,2024-02-04,4,DE,quantile,0.7,1957.17
2024-01-17,ARI incidence,2024-02-04,4,DE,quantile,0.75,2021.69
2024-01-17,ARI incidence,2024-02-04,4,DE,quantile,0.8,2141.34
2024-01-17,ARI incidence,2024-02-04,4,DE,quantile,0.85,2235.79
2024-01-17,ARI incidence,2024-02-04,4,DE,quantile,0.9,2382.41
2024-01-17,ARI incidence,2024-02-04,4,DE,quantile,0.95,2562
2024-01-17,ARI incidence,2024-02-04,4,DE,quantile,0.975,2807.37
2024-01-17,ARI incidence,2024-02-04,4,DE,quantile,0.99,3097.62
2024-01-17,ARI incidence,2024-02-04,4,DE,median,NA,1690.25
2024-01-17,ARI incidence,2024-01-14,1,EE,quantile,0.01,126.27
2024-01-17,ARI incidence,2024-01-14,1,EE,quantile,0.025,135.32
2024-01-17,ARI incidence,2024-01-14,1,EE,quantile,0.05,147.32
2024-01-17,ARI incidence,2024-01-14,1,EE,quantile,0.1,164.48
2024-01-17,ARI incidence,2024-01-14,1,EE,quantile,0.15,175.07
2024-01-17,ARI incidence,2024-01-14,1,EE,quantile,0.2,185.06
2024-01-17,ARI incidence,2024-01-14,1,EE,quantile,0.25,192.9
2024-01-17,ARI incidence,2024-01-14,1,EE,quantile,0.3,198.85
2024-01-17,ARI incidence,2024-01-14,1,EE,quantile,0.35,203.41
2024-01-17,ARI incidence,2024-01-14,1,EE,quantile,0.4,209.93
2024-01-17,ARI incidence,2024-01-14,1,EE,quantile,0.45,214.35
2024-01-17,ARI incidence,2024-01-14,1,EE,quantile,0.5,219.5
2024-01-17,ARI incidence,2024-01-14,1,EE,quantile,0.55,226.95
2024-01-17,ARI incidence,2024-01-14,1,EE,quantile,0.6,232.49
2024-01-17,ARI incidence,2024-01-14,1,EE,quantile,0.65,237.64
2024-01-17,ARI incidence,2024-01-14,1,EE,quantile,0.7,242.92
2024-01-17,ARI incidence,2024-01-14,1,EE,quantile,0.75,249.39
2024-01-17,ARI incidence,2024-01-14,1,EE,quantile,0.8,258.32
2024-01-17,ARI incidence,2024-01-14,1,EE,quantile,0.85,266.71
2024-01-17,ARI incidence,2024-01-14,1,EE,quantile,0.9,276.02
2024-01-17,ARI incidence,2024-01-14,1,EE,quantile,0.95,291.59
2024-01-17,ARI incidence,2024-01-14,1,EE,quantile,0.975,346.42
2024-01-17,ARI incidence,2024-01-14,1,EE,quantile,0.99,366.7
2024-01-17,ARI incidence,2024-01-14,1,EE,median,NA,219.5
2024-01-17,ARI incidence,2024-01-21,2,EE,quantile,0.01,50.22
2024-01-17,ARI incidence,2024-01-21,2,EE,quantile,0.025,93.15
2024-01-17,ARI incidence,2024-01-21,2,EE,quantile,0.05,106.15
2024-01-17,ARI incidence,2024-01-21,2,EE,quantile,0.1,122.16
2024-01-17,ARI incidence,2024-01-21,2,EE,quantile,0.15,137.98
2024-01-17,ARI incidence,2024-01-21,2,EE,quantile,0.2,149.74
2024-01-17,ARI incidence,2024-01-21,2,EE,quantile,0.25,160.59
2024-01-17,ARI incidence,2024-01-21,2,EE,quantile,0.3,169.39
2024-01-17,ARI incidence,2024-01-21,2,EE,quantile,0.35,176.56
2024-01-17,ARI incidence,2024-01-21,2,EE,quantile,0.4,184.08
2024-01-17,ARI incidence,2024-01-21,2,EE,quantile,0.45,191.84
2024-01-17,ARI incidence,2024-01-21,2,EE,quantile,0.5,199.67
2024-01-17,ARI incidence,2024-01-21,2,EE,quantile,0.55,208.83
2024-01-17,ARI incidence,2024-01-21,2,EE,quantile,0.6,215.66
2024-01-17,ARI incidence,2024-01-21,2,EE,quantile,0.65,225.19
2024-01-17,ARI incidence,2024-01-21,2,EE,quantile,0.7,233.38
2024-01-17,ARI incidence,2024-01-21,2,EE,quantile,0.75,241.06
2024-01-17,ARI incidence,2024-01-21,2,EE,quantile,0.8,251.95
2024-01-17,ARI incidence,2024-01-21,2,EE,quantile,0.85,262.16
2024-01-17,ARI incidence,2024-01-21,2,EE,quantile,0.9,274.68
2024-01-17,ARI incidence,2024-01-21,2,EE,quantile,0.95,295.52
2024-01-17,ARI incidence,2024-01-21,2,EE,quantile,0.975,315.07
2024-01-17,ARI incidence,2024-01-21,2,EE,quantile,0.99,381.81
2024-01-17,ARI incidence,2024-01-21,2,EE,median,NA,199.67
2024-01-17,ARI incidence,2024-01-28,3,EE,quantile,0.01,40.51
2024-01-17,ARI incidence,2024-01-28,3,EE,quantile,0.025,59.86
2024-01-17,ARI incidence,2024-01-28,3,EE,quantile,0.05,77.96
2024-01-17,ARI incidence,2024-01-28,3,EE,quantile,0.1,99.2
2024-01-17,ARI incidence,2024-01-28,3,EE,quantile,0.15,117.18
2024-01-17,ARI incidence,2024-01-28,3,EE,quantile,0.2,129.71
2024-01-17,ARI incidence,2024-01-28,3,EE,quantile,0.25,141.55
2024-01-17,ARI incidence,2024-01-28,3,EE,quantile,0.3,153.24
2024-01-17,ARI incidence,2024-01-28,3,EE,quantile,0.35,160.26
2024-01-17,ARI incidence,2024-01-28,3,EE,quantile,0.4,169.26
2024-01-17,ARI incidence,2024-01-28,3,EE,quantile,0.45,180.79
2024-01-17,ARI incidence,2024-01-28,3,EE,quantile,0.5,189.78
2024-01-17,ARI incidence,2024-01-28,3,EE,quantile,0.55,195.54
2024-01-17,ARI incidence,2024-01-28,3,EE,quantile,0.6,204.21
2024-01-17,ARI incidence,2024-01-28,3,EE,quantile,0.65,213.34
2024-01-17,ARI incidence,2024-01-28,3,EE,quantile,0.7,224.63
2024-01-17,ARI incidence,2024-01-28,3,EE,quantile,0.75,240.18
2024-01-17,ARI incidence,2024-01-28,3,EE,quantile,0.8,254.48
2024-01-17,ARI incidence,2024-01-28,3,EE,quantile,0.85,265.05
2024-01-17,ARI incidence,2024-01-28,3,EE,quantile,0.9,284.63
2024-01-17,ARI incidence,2024-01-28,3,EE,quantile,0.95,318.26
2024-01-17,ARI incidence,2024-01-28,3,EE,quantile,0.975,344.72
2024-01-17,ARI incidence,2024-01-28,3,EE,quantile,0.99,390.2
2024-01-17,ARI incidence,2024-01-28,3,EE,median,NA,189.78
2024-01-17,ARI incidence,2024-02-04,4,EE,quantile,0.01,31.35
2024-01-17,ARI incidence,2024-02-04,4,EE,quantile,0.025,48.26
2024-01-17,ARI incidence,2024-02-04,4,EE,quantile,0.05,63.28
2024-01-17,ARI incidence,2024-02-04,4,EE,quantile,0.1,85.69
2024-01-17,ARI incidence,2024-02-04,4,EE,quantile,0.15,109.04
2024-01-17,ARI incidence,2024-02-04,4,EE,quantile,0.2,125.21
2024-01-17,ARI incidence,2024-02-04,4,EE,quantile,0.25,138.04
2024-01-17,ARI incidence,2024-02-04,4,EE,quantile,0.3,145.19
2024-01-17,ARI incidence,2024-02-04,4,EE,quantile,0.35,156.62
2024-01-17,ARI incidence,2024-02-04,4,EE,quantile,0.4,165.74
2024-01-17,ARI incidence,2024-02-04,4,EE,quantile,0.45,178.46
2024-01-17,ARI incidence,2024-02-04,4,EE,quantile,0.5,188.92
2024-01-17,ARI incidence,2024-02-04,4,EE,quantile,0.55,200.02
2024-01-17,ARI incidence,2024-02-04,4,EE,quantile,0.6,211.92
2024-01-17,ARI incidence,2024-02-04,4,EE,quantile,0.65,229.55
2024-01-17,ARI incidence,2024-02-04,4,EE,quantile,0.7,240.77
2024-01-17,ARI incidence,2024-02-04,4,EE,quantile,0.75,254.77
2024-01-17,ARI incidence,2024-02-04,4,EE,quantile,0.8,264.8
2024-01-17,ARI incidence,2024-02-04,4,EE,quantile,0.85,280.07
2024-01-17,ARI incidence,2024-02-04,4,EE,quantile,0.9,304.62
2024-01-17,ARI incidence,2024-02-04,4,EE,quantile,0.95,352.77
2024-01-17,ARI incidence,2024-02-04,4,EE,quantile,0.975,376.29
2024-01-17,ARI incidence,2024-02-04,4,EE,quantile,0.99,405.58
2024-01-17,ARI incidence,2024-02-04,4,EE,median,NA,188.92
2024-01-17,ARI incidence,2024-01-14,1,ES,quantile,0.01,686.99
2024-01-17,ARI incidence,2024-01-14,1,ES,quantile,0.025,719.6
2024-01-17,ARI incidence,2024-01-14,1,ES,quantile,0.05,741.04
2024-01-17,ARI incidence,2024-01-14,1,ES,quantile,0.1,800.24
2024-01-17,ARI incidence,2024-01-14,1,ES,quantile,0.15,817.72
2024-01-17,ARI incidence,2024-01-14,1,ES,quantile,0.2,837.5
2024-01-17,ARI incidence,2024-01-14,1,ES,quantile,0.25,860.41
2024-01-17,ARI incidence,2024-01-14,1,ES,quantile,0.3,878.49
2024-01-17,ARI incidence,2024-01-14,1,ES,quantile,0.35,898.99
2024-01-17,ARI incidence,2024-01-14,1,ES,quantile,0.4,912.62
2024-01-17,ARI incidence,2024-01-14,1,ES,quantile,0.45,923.95
2024-01-17,ARI incidence,2024-01-14,1,ES,quantile,0.5,939.21
2024-01-17,ARI incidence,2024-01-14,1,ES,quantile,0.55,955.52
2024-01-17,ARI incidence,2024-01-14,1,ES,quantile,0.6,965.57
2024-01-17,ARI incidence,2024-01-14,1,ES,quantile,0.65,978.06
2024-01-17,ARI incidence,2024-01-14,1,ES,quantile,0.7,989.52
2024-01-17,ARI incidence,2024-01-14,1,ES,quantile,0.75,998.96
2024-01-17,ARI incidence,2024-01-14,1,ES,quantile,0.8,1012.55
2024-01-17,ARI incidence,2024-01-14,1,ES,quantile,0.85,1030.5
2024-01-17,ARI incidence,2024-01-14,1,ES,quantile,0.9,1046.14
2024-01-17,ARI incidence,2024-01-14,1,ES,quantile,0.95,1075.26
2024-01-17,ARI incidence,2024-01-14,1,ES,quantile,0.975,1161.18
2024-01-17,ARI incidence,2024-01-14,1,ES,quantile,0.99,1230.34
2024-01-17,ARI incidence,2024-01-14,1,ES,median,NA,939.21
2024-01-17,ARI incidence,2024-01-21,2,ES,quantile,0.01,608.95
2024-01-17,ARI incidence,2024-01-21,2,ES,quantile,0.025,659.32
2024-01-17,ARI incidence,2024-01-21,2,ES,quantile,0.05,690
2024-01-17,ARI incidence,2024-01-21,2,ES,quantile,0.1,744.51
2024-01-17,ARI incidence,2024-01-21,2,ES,quantile,0.15,767.57
2024-01-17,ARI incidence,2024-01-21,2,ES,quantile,0.2,793.52
2024-01-17,ARI incidence,2024-01-21,2,ES,quantile,0.25,825.63
2024-01-17,ARI incidence,2024-01-21,2,ES,quantile,0.3,852.69
2024-01-17,ARI incidence,2024-01-21,2,ES,quantile,0.35,868.56
2024-01-17,ARI incidence,2024-01-21,2,ES,quantile,0.4,899.2
2024-01-17,ARI incidence,2024-01-21,2,ES,quantile,0.45,912.9
2024-01-17,ARI incidence,2024-01-21,2,ES,quantile,0.5,931.06
2024-01-17,ARI incidence,2024-01-21,2,ES,quantile,0.55,950.98
2024-01-17,ARI incidence,2024-01-21,2,ES,quantile,0.6,971.79
2024-01-17,ARI incidence,2024-01-21,2,ES,quantile,0.65,992.42
2024-01-17,ARI incidence,2024-01-21,2,ES,quantile,0.7,1012.09
2024-01-17,ARI incidence,2024-01-21,2,ES,quantile,0.75,1034.73
2024-01-17,ARI incidence,2024-01-21,2,ES,quantile,0.8,1076.79
2024-01-17,ARI incidence,2024-01-21,2,ES,quantile,0.85,1104.76
2024-01-17,ARI incidence,2024-01-21,2,ES,quantile,0.9,1142.66
2024-01-17,ARI incidence,2024-01-21,2,ES,quantile,0.95,1189.9
2024-01-17,ARI incidence,2024-01-21,2,ES,quantile,0.975,1262.48
2024-01-17,ARI incidence,2024-01-21,2,ES,quantile,0.99,1333.19
2024-01-17,ARI incidence,2024-01-21,2,ES,median,NA,931.06
2024-01-17,ARI incidence,2024-01-28,3,ES,quantile,0.01,571.52
2024-01-17,ARI incidence,2024-01-28,3,ES,quantile,0.025,625.73
2024-01-17,ARI incidence,2024-01-28,3,ES,quantile,0.05,678.72
2024-01-17,ARI incidence,2024-01-28,3,ES,quantile,0.1,736.11
2024-01-17,ARI incidence,2024-01-28,3,ES,quantile,0.15,776.14
2024-01-17,ARI incidence,2024-01-28,3,ES,quantile,0.2,798.77
2024-01-17,ARI incidence,2024-01-28,3,ES,quantile,0.25,817.59
2024-01-17,ARI incidence,2024-01-28,3,ES,quantile,0.3,841.72
2024-01-17,ARI incidence,2024-01-28,3,ES,quantile,0.35,856.64
2024-01-17,ARI incidence,2024-01-28,3,ES,quantile,0.4,882.8
2024-01-17,ARI incidence,2024-01-28,3,ES,quantile,0.45,910.31
2024-01-17,ARI incidence,2024-01-28,3,ES,quantile,0.5,928.03
2024-01-17,ARI incidence,2024-01-28,3,ES,quantile,0.55,955.09
2024-01-17,ARI incidence,2024-01-28,3,ES,quantile,0.6,978.22
2024-01-17,ARI incidence,2024-01-28,3,ES,quantile,0.65,1002.65
2024-01-17,ARI incidence,2024-01-28,3,ES,quantile,0.7,1037.34
2024-01-17,ARI incidence,2024-01-28,3,ES,quantile,0.75,1076.75
2024-01-17,ARI incidence,2024-01-28,3,ES,quantile,0.8,1096.04
2024-01-17,ARI incidence,2024-01-28,3,ES,quantile,0.85,1118.93
2024-01-17,ARI incidence,2024-01-28,3,ES,quantile,0.9,1151.3
2024-01-17,ARI incidence,2024-01-28,3,ES,quantile,0.95,1204.94
2024-01-17,ARI incidence,2024-01-28,3,ES,quantile,0.975,1256.62
2024-01-17,ARI incidence,2024-01-28,3,ES,quantile,0.99,1377.52
2024-01-17,ARI incidence,2024-01-28,3,ES,median,NA,928.03
2024-01-17,ARI incidence,2024-02-04,4,ES,quantile,0.01,584.2
2024-01-17,ARI incidence,2024-02-04,4,ES,quantile,0.025,614.85
2024-01-17,ARI incidence,2024-02-04,4,ES,quantile,0.05,647.29
2024-01-17,ARI incidence,2024-02-04,4,ES,quantile,0.1,701.88
2024-01-17,ARI incidence,2024-02-04,4,ES,quantile,0.15,781.72
2024-01-17,ARI incidence,2024-02-04,4,ES,quantile,0.2,798.41
2024-01-17,ARI incidence,2024-02-04,4,ES,quantile,0.25,824.98
2024-01-17,ARI incidence,2024-02-04,4,ES,quantile,0.3,842.9
2024-01-17,ARI incidence,2024-02-04,4,ES,quantile,0.35,875.92
2024-01-17,ARI incidence,2024-02-04,4,ES,quantile,0.4,892.17
2024-01-17,ARI incidence,2024-02-04,4,ES,quantile,0.45,923.41
2024-01-17,ARI incidence,2024-02-04,4,ES,quantile,0.5,940.81
2024-01-17,ARI incidence,2024-02-04,4,ES,quantile,0.55,958.72
2024-01-17,ARI incidence,2024-02-04,4,ES,quantile,0.6,999.18
2024-01-17,ARI incidence,2024-02-04,4,ES,quantile,0.65,1033.72
2024-01-17,ARI incidence,2024-02-04,4,ES,quantile,0.7,1055.51
2024-01-17,ARI incidence,2024-02-04,4,ES,quantile,0.75,1080.42
2024-01-17,ARI incidence,2024-02-04,4,ES,quantile,0.8,1132.24
2024-01-17,ARI incidence,2024-02-04,4,ES,quantile,0.85,1161.55
2024-01-17,ARI incidence,2024-02-04,4,ES,quantile,0.9,1197.72
2024-01-17,ARI incidence,2024-02-04,4,ES,quantile,0.95,1271.31
2024-01-17,ARI incidence,2024-02-04,4,ES,quantile,0.975,1378.83
2024-01-17,ARI incidence,2024-02-04,4,ES,quantile,0.99,1545.76
2024-01-17,ARI incidence,2024-02-04,4,ES,median,NA,940.81
2024-01-17,ARI incidence,2024-01-14,1,FI,quantile,0.01,3004.53
2024-01-17,ARI incidence,2024-01-14,1,FI,quantile,0.025,3101.68
2024-01-17,ARI incidence,2024-01-14,1,FI,quantile,0.05,3176.73
2024-01-17,ARI incidence,2024-01-14,1,FI,quantile,0.1,3358.38
2024-01-17,ARI incidence,2024-01-14,1,FI,quantile,0.15,3420.52
2024-01-17,ARI incidence,2024-01-14,1,FI,quantile,0.2,3484.06
2024-01-17,ARI incidence,2024-01-14,1,FI,quantile,0.25,3554.25
2024-01-17,ARI incidence,2024-01-14,1,FI,quantile,0.3,3608.37
2024-01-17,ARI incidence,2024-01-14,1,FI,quantile,0.35,3673.31
2024-01-17,ARI incidence,2024-01-14,1,FI,quantile,0.4,3712.79
2024-01-17,ARI incidence,2024-01-14,1,FI,quantile,0.45,3759.04
2024-01-17,ARI incidence,2024-01-14,1,FI,quantile,0.5,3794.45
2024-01-17,ARI incidence,2024-01-14,1,FI,quantile,0.55,3836.73
2024-01-17,ARI incidence,2024-01-14,1,FI,quantile,0.6,3873.5
2024-01-17,ARI incidence,2024-01-14,1,FI,quantile,0.65,3902.03
2024-01-17,ARI incidence,2024-01-14,1,FI,quantile,0.7,3930.59
2024-01-17,ARI incidence,2024-01-14,1,FI,quantile,0.75,3965.73
2024-01-17,ARI incidence,2024-01-14,1,FI,quantile,0.8,4012.28
2024-01-17,ARI incidence,2024-01-14,1,FI,quantile,0.85,4067.25
2024-01-17,ARI incidence,2024-01-14,1,FI,quantile,0.9,4119.77
2024-01-17,ARI incidence,2024-01-14,1,FI,quantile,0.95,4191.61
2024-01-17,ARI incidence,2024-01-14,1,FI,quantile,0.975,4280.88
2024-01-17,ARI incidence,2024-01-14,1,FI,quantile,0.99,4400.84
2024-01-17,ARI incidence,2024-01-14,1,FI,median,NA,3794.45
2024-01-17,ARI incidence,2024-01-21,2,FI,quantile,0.01,2729
2024-01-17,ARI incidence,2024-01-21,2,FI,quantile,0.025,2887.06
2024-01-17,ARI incidence,2024-01-21,2,FI,quantile,0.05,3017.09
2024-01-17,ARI incidence,2024-01-21,2,FI,quantile,0.1,3202.49
2024-01-17,ARI incidence,2024-01-21,2,FI,quantile,0.15,3310.86
2024-01-17,ARI incidence,2024-01-21,2,FI,quantile,0.2,3394.77
2024-01-17,ARI incidence,2024-01-21,2,FI,quantile,0.25,3499.35
2024-01-17,ARI incidence,2024-01-21,2,FI,quantile,0.3,3574.02
2024-01-17,ARI incidence,2024-01-21,2,FI,quantile,0.35,3625.51
2024-01-17,ARI incidence,2024-01-21,2,FI,quantile,0.4,3725.14
2024-01-17,ARI incidence,2024-01-21,2,FI,quantile,0.45,3771.41
2024-01-17,ARI incidence,2024-01-21,2,FI,quantile,0.5,3825.66
2024-01-17,ARI incidence,2024-01-21,2,FI,quantile,0.55,3883.93
2024-01-17,ARI incidence,2024-01-21,2,FI,quantile,0.6,3953.27
2024-01-17,ARI incidence,2024-01-21,2,FI,quantile,0.65,4010.08
2024-01-17,ARI incidence,2024-01-21,2,FI,quantile,0.7,4069.37
2024-01-17,ARI incidence,2024-01-21,2,FI,quantile,0.75,4150.22
2024-01-17,ARI incidence,2024-01-21,2,FI,quantile,0.8,4261.76
2024-01-17,ARI incidence,2024-01-21,2,FI,quantile,0.85,4335.05
2024-01-17,ARI incidence,2024-01-21,2,FI,quantile,0.9,4455.13
2024-01-17,ARI incidence,2024-01-21,2,FI,quantile,0.95,4606.6
2024-01-17,ARI incidence,2024-01-21,2,FI,quantile,0.975,4748.58
2024-01-17,ARI incidence,2024-01-21,2,FI,quantile,0.99,4949.97
2024-01-17,ARI incidence,2024-01-21,2,FI,median,NA,3825.66
2024-01-17,ARI incidence,2024-01-28,3,FI,quantile,0.01,2472.19
2024-01-17,ARI incidence,2024-01-28,3,FI,quantile,0.025,2666.17
2024-01-17,ARI incidence,2024-01-28,3,FI,quantile,0.05,2849.37
2024-01-17,ARI incidence,2024-01-28,3,FI,quantile,0.1,3092.47
2024-01-17,ARI incidence,2024-01-28,3,FI,quantile,0.15,3238.69
2024-01-17,ARI incidence,2024-01-28,3,FI,quantile,0.2,3337.64
2024-01-17,ARI incidence,2024-01-28,3,FI,quantile,0.25,3406.13
2024-01-17,ARI incidence,2024-01-28,3,FI,quantile,0.3,3492.81
2024-01-17,ARI incidence,2024-01-28,3,FI,quantile,0.35,3576.49
2024-01-17,ARI incidence,2024-01-28,3,FI,quantile,0.4,3668.32
2024-01-17,ARI incidence,2024-01-28,3,FI,quantile,0.45,3760.18
2024-01-17,ARI incidence,2024-01-28,3,FI,quantile,0.5,3839.93
2024-01-17,ARI incidence,2024-01-28,3,FI,quantile,0.55,3926.63
2024-01-17,ARI incidence,2024-01-28,3,FI,quantile,0.6,4004.39
2024-01-17,ARI incidence,2024-01-28,3,FI,quantile,0.65,4084.97
2024-01-17,ARI incidence,2024-01-28,3,FI,quantile,0.7,4187.35
2024-01-17,ARI incidence,2024-01-28,3,FI,quantile,0.75,4282.5
2024-01-17,ARI incidence,2024-01-28,3,FI,quantile,0.8,4371.34
2024-01-17,ARI incidence,2024-01-28,3,FI,quantile,0.85,4472.85
2024-01-17,ARI incidence,2024-01-28,3,FI,quantile,0.9,4627.92
2024-01-17,ARI incidence,2024-01-28,3,FI,quantile,0.95,4836.82
2024-01-17,ARI incidence,2024-01-28,3,FI,quantile,0.975,5000.49
2024-01-17,ARI incidence,2024-01-28,3,FI,quantile,0.99,5184.71
2024-01-17,ARI incidence,2024-01-28,3,FI,median,NA,3839.93
2024-01-17,ARI incidence,2024-02-04,4,FI,quantile,0.01,2423.71
2024-01-17,ARI incidence,2024-02-04,4,FI,quantile,0.025,2658.8
2024-01-17,ARI incidence,2024-02-04,4,FI,quantile,0.05,2752.78
2024-01-17,ARI incidence,2024-02-04,4,FI,quantile,0.1,3016.96
2024-01-17,ARI incidence,2024-02-04,4,FI,quantile,0.15,3238.56
2024-01-17,ARI incidence,2024-02-04,4,FI,quantile,0.2,3303.19
2024-01-17,ARI incidence,2024-02-04,4,FI,quantile,0.25,3404.35
2024-01-17,ARI incidence,2024-02-04,4,FI,quantile,0.3,3463.96
2024-01-17,ARI incidence,2024-02-04,4,FI,quantile,0.35,3583.52
2024-01-17,ARI incidence,2024-02-04,4,FI,quantile,0.4,3658.19
2024-01-17,ARI incidence,2024-02-04,4,FI,quantile,0.45,3774.8
2024-01-17,ARI incidence,2024-02-04,4,FI,quantile,0.5,3827.39
2024-01-17,ARI incidence,2024-02-04,4,FI,quantile,0.55,3887.61
2024-01-17,ARI incidence,2024-02-04,4,FI,quantile,0.6,4054.14
2024-01-17,ARI incidence,2024-02-04,4,FI,quantile,0.65,4123.98
2024-01-17,ARI incidence,2024-02-04,4,FI,quantile,0.7,4205.7
2024-01-17,ARI incidence,2024-02-04,4,FI,quantile,0.75,4292.72
2024-01-17,ARI incidence,2024-02-04,4,FI,quantile,0.8,4483.26
2024-01-17,ARI incidence,2024-02-04,4,FI,quantile,0.85,4566.19
2024-01-17,ARI incidence,2024-02-04,4,FI,quantile,0.9,4779.54
2024-01-17,ARI incidence,2024-02-04,4,FI,quantile,0.95,4945.51
2024-01-17,ARI incidence,2024-02-04,4,FI,quantile,0.975,5387.24
2024-01-17,ARI incidence,2024-02-04,4,FI,quantile,0.99,5975.35
2024-01-17,ARI incidence,2024-02-04,4,FI,median,NA,3827.39
2024-01-17,ARI incidence,2024-01-14,1,LT,quantile,0.01,560.71
2024-01-17,ARI incidence,2024-01-14,1,LT,quantile,0.025,634.67
2024-01-17,ARI incidence,2024-01-14,1,LT,quantile,0.05,668.61
2024-01-17,ARI incidence,2024-01-14,1,LT,quantile,0.1,724.71
2024-01-17,ARI incidence,2024-01-14,1,LT,quantile,0.15,756.07
2024-01-17,ARI incidence,2024-01-14,1,LT,quantile,0.2,793.31
2024-01-17,ARI incidence,2024-01-14,1,LT,quantile,0.25,825.76
2024-01-17,ARI incidence,2024-01-14,1,LT,quantile,0.3,848.68
2024-01-17,ARI incidence,2024-01-14,1,LT,quantile,0.35,872.14
2024-01-17,ARI incidence,2024-01-14,1,LT,quantile,0.4,895.25
2024-01-17,ARI incidence,2024-01-14,1,LT,quantile,0.45,913.8
2024-01-17,ARI incidence,2024-01-14,1,LT,quantile,0.5,938.07
2024-01-17,ARI incidence,2024-01-14,1,LT,quantile,0.55,962.49
2024-01-17,ARI incidence,2024-01-14,1,LT,quantile,0.6,979.03
2024-01-17,ARI incidence,2024-01-14,1,LT,quantile,0.65,996.55
2024-01-17,ARI incidence,2024-01-14,1,LT,quantile,0.7,1017.39
2024-01-17,ARI incidence,2024-01-14,1,LT,quantile,0.75,1035.97
2024-01-17,ARI incidence,2024-01-14,1,LT,quantile,0.8,1055.51
2024-01-17,ARI incidence,2024-01-14,1,LT,quantile,0.85,1082.96
2024-01-17,ARI incidence,2024-01-14,1,LT,quantile,0.9,1120.29
2024-01-17,ARI incidence,2024-01-14,1,LT,quantile,0.95,1169.37
2024-01-17,ARI incidence,2024-01-14,1,LT,quantile,0.975,1241.38
2024-01-17,ARI incidence,2024-01-14,1,LT,quantile,0.99,1310.41
2024-01-17,ARI incidence,2024-01-14,1,LT,median,NA,938.07
2024-01-17,ARI incidence,2024-01-21,2,LT,quantile,0.01,422.95
2024-01-17,ARI incidence,2024-01-21,2,LT,quantile,0.025,520.57
2024-01-17,ARI incidence,2024-01-21,2,LT,quantile,0.05,567.66
2024-01-17,ARI incidence,2024-01-21,2,LT,quantile,0.1,642.54
2024-01-17,ARI incidence,2024-01-21,2,LT,quantile,0.15,680.33
2024-01-17,ARI incidence,2024-01-21,2,LT,quantile,0.2,719.81
2024-01-17,ARI incidence,2024-01-21,2,LT,quantile,0.25,758.7
2024-01-17,ARI incidence,2024-01-21,2,LT,quantile,0.3,795.78
2024-01-17,ARI incidence,2024-01-21,2,LT,quantile,0.35,830.41
2024-01-17,ARI incidence,2024-01-21,2,LT,quantile,0.4,862.82
2024-01-17,ARI incidence,2024-01-21,2,LT,quantile,0.45,887.18
2024-01-17,ARI incidence,2024-01-21,2,LT,quantile,0.5,915.87
2024-01-17,ARI incidence,2024-01-21,2,LT,quantile,0.55,946.44
2024-01-17,ARI incidence,2024-01-21,2,LT,quantile,0.6,974.75
2024-01-17,ARI incidence,2024-01-21,2,LT,quantile,0.65,1002.37
2024-01-17,ARI incidence,2024-01-21,2,LT,quantile,0.7,1034.39
2024-01-17,ARI incidence,2024-01-21,2,LT,quantile,0.75,1068.51
2024-01-17,ARI incidence,2024-01-21,2,LT,quantile,0.8,1111.9
2024-01-17,ARI incidence,2024-01-21,2,LT,quantile,0.85,1157.25
2024-01-17,ARI incidence,2024-01-21,2,LT,quantile,0.9,1212.44
2024-01-17,ARI incidence,2024-01-21,2,LT,quantile,0.95,1287
2024-01-17,ARI incidence,2024-01-21,2,LT,quantile,0.975,1377.05
2024-01-17,ARI incidence,2024-01-21,2,LT,quantile,0.99,1434.92
2024-01-17,ARI incidence,2024-01-21,2,LT,median,NA,915.87
2024-01-17,ARI incidence,2024-01-28,3,LT,quantile,0.01,318.98
2024-01-17,ARI incidence,2024-01-28,3,LT,quantile,0.025,398.07
2024-01-17,ARI incidence,2024-01-28,3,LT,quantile,0.05,490.75
2024-01-17,ARI incidence,2024-01-28,3,LT,quantile,0.1,581.65
2024-01-17,ARI incidence,2024-01-28,3,LT,quantile,0.15,630.7
2024-01-17,ARI incidence,2024-01-28,3,LT,quantile,0.2,668.27
2024-01-17,ARI incidence,2024-01-28,3,LT,quantile,0.25,704.04
2024-01-17,ARI incidence,2024-01-28,3,LT,quantile,0.3,746.17
2024-01-17,ARI incidence,2024-01-28,3,LT,quantile,0.35,780.42
2024-01-17,ARI incidence,2024-01-28,3,LT,quantile,0.4,826.16
2024-01-17,ARI incidence,2024-01-28,3,LT,quantile,0.45,867.29
2024-01-17,ARI incidence,2024-01-28,3,LT,quantile,0.5,896.91
2024-01-17,ARI incidence,2024-01-28,3,LT,quantile,0.55,932.51
2024-01-17,ARI incidence,2024-01-28,3,LT,quantile,0.6,972.98
2024-01-17,ARI incidence,2024-01-28,3,LT,quantile,0.65,1013.48
2024-01-17,ARI incidence,2024-01-28,3,LT,quantile,0.7,1061.75
2024-01-17,ARI incidence,2024-01-28,3,LT,quantile,0.75,1117.79
2024-01-17,ARI incidence,2024-01-28,3,LT,quantile,0.8,1157.22
2024-01-17,ARI incidence,2024-01-28,3,LT,quantile,0.85,1207.36
2024-01-17,ARI incidence,2024-01-28,3,LT,quantile,0.9,1285.87
2024-01-17,ARI incidence,2024-01-28,3,LT,quantile,0.95,1397.18
2024-01-17,ARI incidence,2024-01-28,3,LT,quantile,0.975,1504.72
2024-01-17,ARI incidence,2024-01-28,3,LT,quantile,0.99,1665.9
2024-01-17,ARI incidence,2024-01-28,3,LT,median,NA,896.91
2024-01-17,ARI incidence,2024-02-04,4,LT,quantile,0.01,283.19
2024-01-17,ARI incidence,2024-02-04,4,LT,quantile,0.025,349.03
2024-01-17,ARI incidence,2024-02-04,4,LT,quantile,0.05,422.23
2024-01-17,ARI incidence,2024-02-04,4,LT,quantile,0.1,527.06
2024-01-17,ARI incidence,2024-02-04,4,LT,quantile,0.15,604.36
2024-01-17,ARI incidence,2024-02-04,4,LT,quantile,0.2,648.86
2024-01-17,ARI incidence,2024-02-04,4,LT,quantile,0.25,699.82
2024-01-17,ARI incidence,2024-02-04,4,LT,quantile,0.3,734.42
2024-01-17,ARI incidence,2024-02-04,4,LT,quantile,0.35,779.51
2024-01-17,ARI incidence,2024-02-04,4,LT,quantile,0.4,810.09
2024-01-17,ARI incidence,2024-02-04,4,LT,quantile,0.45,853.15
2024-01-17,ARI incidence,2024-02-04,4,LT,quantile,0.5,888.85
2024-01-17,ARI incidence,2024-02-04,4,LT,quantile,0.55,928.49
2024-01-17,ARI incidence,2024-02-04,4,LT,quantile,0.6,974.28
2024-01-17,ARI incidence,2024-02-04,4,LT,quantile,0.65,1022.37
2024-01-17,ARI incidence,2024-02-04,4,LT,quantile,0.7,1063.7
2024-01-17,ARI incidence,2024-02-04,4,LT,quantile,0.75,1111.03
2024-01-17,ARI incidence,2024-02-04,4,LT,quantile,0.8,1184.6
2024-01-17,ARI incidence,2024-02-04,4,LT,quantile,0.85,1246.99
2024-01-17,ARI incidence,2024-02-04,4,LT,quantile,0.9,1322.96
2024-01-17,ARI incidence,2024-02-04,4,LT,quantile,0.95,1459.77
2024-01-17,ARI incidence,2024-02-04,4,LT,quantile,0.975,1569.76
2024-01-17,ARI incidence,2024-02-04,4,LT,quantile,0.99,1726.57
2024-01-17,ARI incidence,2024-02-04,4,LT,median,NA,888.85
2024-01-17,ARI incidence,2024-01-14,1,RO,quantile,0.01,424.98
2024-01-17,ARI incidence,2024-01-14,1,RO,quantile,0.025,459.54
2024-01-17,ARI incidence,2024-01-14,1,RO,quantile,0.05,479.8
2024-01-17,ARI incidence,2024-01-14,1,RO,quantile,0.1,533.63
2024-01-17,ARI incidence,2024-01-14,1,RO,quantile,0.15,551.9
2024-01-17,ARI incidence,2024-01-14,1,RO,quantile,0.2,575.25
2024-01-17,ARI incidence,2024-01-14,1,RO,quantile,0.25,594.37
2024-01-17,ARI incidence,2024-01-14,1,RO,quantile,0.3,613
2024-01-17,ARI incidence,2024-01-14,1,RO,quantile,0.35,628.06
2024-01-17,ARI incidence,2024-01-14,1,RO,quantile,0.4,643.71
2024-01-17,ARI incidence,2024-01-14,1,RO,quantile,0.45,655.26
2024-01-17,ARI incidence,2024-01-14,1,RO,quantile,0.5,667.14
2024-01-17,ARI incidence,2024-01-14,1,RO,quantile,0.55,684.9
2024-01-17,ARI incidence,2024-01-14,1,RO,quantile,0.6,694.85
2024-01-17,ARI incidence,2024-01-14,1,RO,quantile,0.65,705.28
2024-01-17,ARI incidence,2024-01-14,1,RO,quantile,0.7,718.09
2024-01-17,ARI incidence,2024-01-14,1,RO,quantile,0.75,730.59
2024-01-17,ARI incidence,2024-01-14,1,RO,quantile,0.8,746.74
2024-01-17,ARI incidence,2024-01-14,1,RO,quantile,0.85,769.23
2024-01-17,ARI incidence,2024-01-14,1,RO,quantile,0.9,792.47
2024-01-17,ARI incidence,2024-01-14,1,RO,quantile,0.95,823.26
2024-01-17,ARI incidence,2024-01-14,1,RO,quantile,0.975,924.24
2024-01-17,ARI incidence,2024-01-14,1,RO,quantile,0.99,977.6
2024-01-17,ARI incidence,2024-01-14,1,RO,median,NA,667.14
2024-01-17,ARI incidence,2024-01-21,2,RO,quantile,0.01,285.13
2024-01-17,ARI incidence,2024-01-21,2,RO,quantile,0.025,351.02
2024-01-17,ARI incidence,2024-01-21,2,RO,quantile,0.05,400.73
2024-01-17,ARI incidence,2024-01-21,2,RO,quantile,0.1,452.9
2024-01-17,ARI incidence,2024-01-21,2,RO,quantile,0.15,483.81
2024-01-17,ARI incidence,2024-01-21,2,RO,quantile,0.2,516.79
2024-01-17,ARI incidence,2024-01-21,2,RO,quantile,0.25,552.32
2024-01-17,ARI incidence,2024-01-21,2,RO,quantile,0.3,579.34
2024-01-17,ARI incidence,2024-01-21,2,RO,quantile,0.35,599.75
2024-01-17,ARI incidence,2024-01-21,2,RO,quantile,0.4,625.68
2024-01-17,ARI incidence,2024-01-21,2,RO,quantile,0.45,643.8
2024-01-17,ARI incidence,2024-01-21,2,RO,quantile,0.5,664.16
2024-01-17,ARI incidence,2024-01-21,2,RO,quantile,0.55,688.61
2024-01-17,ARI incidence,2024-01-21,2,RO,quantile,0.6,711.4
2024-01-17,ARI incidence,2024-01-21,2,RO,quantile,0.65,727
2024-01-17,ARI incidence,2024-01-21,2,RO,quantile,0.7,754.11
2024-01-17,ARI incidence,2024-01-21,2,RO,quantile,0.75,778.68
2024-01-17,ARI incidence,2024-01-21,2,RO,quantile,0.8,817.29
2024-01-17,ARI incidence,2024-01-21,2,RO,quantile,0.85,851.32
2024-01-17,ARI incidence,2024-01-21,2,RO,quantile,0.9,892.74
2024-01-17,ARI incidence,2024-01-21,2,RO,quantile,0.95,947.08
2024-01-17,ARI incidence,2024-01-21,2,RO,quantile,0.975,999.31
2024-01-17,ARI incidence,2024-01-21,2,RO,quantile,0.99,1096.66
2024-01-17,ARI incidence,2024-01-21,2,RO,median,NA,664.16
2024-01-17,ARI incidence,2024-01-28,3,RO,quantile,0.01,214.87
2024-01-17,ARI incidence,2024-01-28,3,RO,quantile,0.025,289.7
2024-01-17,ARI incidence,2024-01-28,3,RO,quantile,0.05,336.95
2024-01-17,ARI incidence,2024-01-28,3,RO,quantile,0.1,401.22
2024-01-17,ARI incidence,2024-01-28,3,RO,quantile,0.15,450.62
2024-01-17,ARI incidence,2024-01-28,3,RO,quantile,0.2,491.83
2024-01-17,ARI incidence,2024-01-28,3,RO,quantile,0.25,527.77
2024-01-17,ARI incidence,2024-01-28,3,RO,quantile,0.3,554.67
2024-01-17,ARI incidence,2024-01-28,3,RO,quantile,0.35,581.64
2024-01-17,ARI incidence,2024-01-28,3,RO,quantile,0.4,611.81
2024-01-17,ARI incidence,2024-01-28,3,RO,quantile,0.45,634.93
2024-01-17,ARI incidence,2024-01-28,3,RO,quantile,0.5,662.39
2024-01-17,ARI incidence,2024-01-28,3,RO,quantile,0.55,691.99
2024-01-17,ARI incidence,2024-01-28,3,RO,quantile,0.6,715.94
2024-01-17,ARI incidence,2024-01-28,3,RO,quantile,0.65,747.49
2024-01-17,ARI incidence,2024-01-28,3,RO,quantile,0.7,779.15
2024-01-17,ARI incidence,2024-01-28,3,RO,quantile,0.75,816.82
2024-01-17,ARI incidence,2024-01-28,3,RO,quantile,0.8,841.99
2024-01-17,ARI incidence,2024-01-28,3,RO,quantile,0.85,870.94
2024-01-17,ARI incidence,2024-01-28,3,RO,quantile,0.9,917.46
2024-01-17,ARI incidence,2024-01-28,3,RO,quantile,0.95,974
2024-01-17,ARI incidence,2024-01-28,3,RO,quantile,0.975,1036.47
2024-01-17,ARI incidence,2024-01-28,3,RO,quantile,0.99,1171.23
2024-01-17,ARI incidence,2024-01-28,3,RO,median,NA,662.39
2024-01-17,ARI incidence,2024-02-04,4,RO,quantile,0.01,210.22
2024-01-17,ARI incidence,2024-02-04,4,RO,quantile,0.025,255.09
2024-01-17,ARI incidence,2024-02-04,4,RO,quantile,0.05,300.54
2024-01-17,ARI incidence,2024-02-04,4,RO,quantile,0.1,370.16
2024-01-17,ARI incidence,2024-02-04,4,RO,quantile,0.15,430.75
2024-01-17,ARI incidence,2024-02-04,4,RO,quantile,0.2,467.67
2024-01-17,ARI incidence,2024-02-04,4,RO,quantile,0.25,505.22
2024-01-17,ARI incidence,2024-02-04,4,RO,quantile,0.3,539.67
2024-01-17,ARI incidence,2024-02-04,4,RO,quantile,0.35,573.2
2024-01-17,ARI incidence,2024-02-04,4,RO,quantile,0.4,603.01
2024-01-17,ARI incidence,2024-02-04,4,RO,quantile,0.45,634.55
2024-01-17,ARI incidence,2024-02-04,4,RO,quantile,0.5,658.26
2024-01-17,ARI incidence,2024-02-04,4,RO,quantile,0.55,683.69
2024-01-17,ARI incidence,2024-02-04,4,RO,quantile,0.6,728.47
2024-01-17,ARI incidence,2024-02-04,4,RO,quantile,0.65,764.2
2024-01-17,ARI incidence,2024-02-04,4,RO,quantile,0.7,791.44
2024-01-17,ARI incidence,2024-02-04,4,RO,quantile,0.75,831.97
2024-01-17,ARI incidence,2024-02-04,4,RO,quantile,0.8,870.79
2024-01-17,ARI incidence,2024-02-04,4,RO,quantile,0.85,915.85
2024-01-17,ARI incidence,2024-02-04,4,RO,quantile,0.9,972.63
2024-01-17,ARI incidence,2024-02-04,4,RO,quantile,0.95,1044.44
2024-01-17,ARI incidence,2024-02-04,4,RO,quantile,0.975,1156.25
2024-01-17,ARI incidence,2024-02-04,4,RO,quantile,0.99,1254.71
2024-01-17,ARI incidence,2024-02-04,4,RO,median,NA,658.26
2024-01-17,ARI incidence,2024-01-14,1,SI,quantile,0.01,962.3
2024-01-17,ARI incidence,2024-01-14,1,SI,quantile,0.025,1057.3
2024-01-17,ARI incidence,2024-01-14,1,SI,quantile,0.05,1111.05
2024-01-17,ARI incidence,2024-01-14,1,SI,quantile,0.1,1229.48
2024-01-17,ARI incidence,2024-01-14,1,SI,quantile,0.15,1271.24
2024-01-17,ARI incidence,2024-01-14,1,SI,quantile,0.2,1312.47
2024-01-17,ARI incidence,2024-01-14,1,SI,quantile,0.25,1363.48
2024-01-17,ARI incidence,2024-01-14,1,SI,quantile,0.3,1416.71
2024-01-17,ARI incidence,2024-01-14,1,SI,quantile,0.35,1459.66
2024-01-17,ARI incidence,2024-01-14,1,SI,quantile,0.4,1491.4
2024-01-17,ARI incidence,2024-01-14,1,SI,quantile,0.45,1526.45
2024-01-17,ARI incidence,2024-01-14,1,SI,quantile,0.5,1561.18
2024-01-17,ARI incidence,2024-01-14,1,SI,quantile,0.55,1595.98
2024-01-17,ARI incidence,2024-01-14,1,SI,quantile,0.6,1636.06
2024-01-17,ARI incidence,2024-01-14,1,SI,quantile,0.65,1670.23
2024-01-17,ARI incidence,2024-01-14,1,SI,quantile,0.7,1700.36
2024-01-17,ARI incidence,2024-01-14,1,SI,quantile,0.75,1727.81
2024-01-17,ARI incidence,2024-01-14,1,SI,quantile,0.8,1775.64
2024-01-17,ARI incidence,2024-01-14,1,SI,quantile,0.85,1829.22
2024-01-17,ARI incidence,2024-01-14,1,SI,quantile,0.9,1874.49
2024-01-17,ARI incidence,2024-01-14,1,SI,quantile,0.95,1967.57
2024-01-17,ARI incidence,2024-01-14,1,SI,quantile,0.975,2062.54
2024-01-17,ARI incidence,2024-01-14,1,SI,quantile,0.99,2212.78
2024-01-17,ARI incidence,2024-01-14,1,SI,median,NA,1561.18
2024-01-17,ARI incidence,2024-01-21,2,SI,quantile,0.01,792.67
2024-01-17,ARI incidence,2024-01-21,2,SI,quantile,0.025,879.42
2024-01-17,ARI incidence,2024-01-21,2,SI,quantile,0.05,962.68
2024-01-17,ARI incidence,2024-01-21,2,SI,quantile,0.1,1126.35
2024-01-17,ARI incidence,2024-01-21,2,SI,quantile,0.15,1195.94
2024-01-17,ARI incidence,2024-01-21,2,SI,quantile,0.2,1248.78
2024-01-17,ARI incidence,2024-01-21,2,SI,quantile,0.25,1314.72
2024-01-17,ARI incidence,2024-01-21,2,SI,quantile,0.3,1367.14
2024-01-17,ARI incidence,2024-01-21,2,SI,quantile,0.35,1404.34
2024-01-17,ARI incidence,2024-01-21,2,SI,quantile,0.4,1468.12
2024-01-17,ARI incidence,2024-01-21,2,SI,quantile,0.45,1512.99
2024-01-17,ARI incidence,2024-01-21,2,SI,quantile,0.5,1549.93
2024-01-17,ARI incidence,2024-01-21,2,SI,quantile,0.55,1596.7
2024-01-17,ARI incidence,2024-01-21,2,SI,quantile,0.6,1644.18
2024-01-17,ARI incidence,2024-01-21,2,SI,quantile,0.65,1685.84
2024-01-17,ARI incidence,2024-01-21,2,SI,quantile,0.7,1731.81
2024-01-17,ARI incidence,2024-01-21,2,SI,quantile,0.75,1796.81
2024-01-17,ARI incidence,2024-01-21,2,SI,quantile,0.8,1880.06
2024-01-17,ARI incidence,2024-01-21,2,SI,quantile,0.85,1936.1
2024-01-17,ARI incidence,2024-01-21,2,SI,quantile,0.9,2018.22
2024-01-17,ARI incidence,2024-01-21,2,SI,quantile,0.95,2140.99
2024-01-17,ARI incidence,2024-01-21,2,SI,quantile,0.975,2244.89
2024-01-17,ARI incidence,2024-01-21,2,SI,quantile,0.99,2369.41
2024-01-17,ARI incidence,2024-01-21,2,SI,median,NA,1549.93
2024-01-17,ARI incidence,2024-01-28,3,SI,quantile,0.01,698.5
2024-01-17,ARI incidence,2024-01-28,3,SI,quantile,0.025,811.74
2024-01-17,ARI incidence,2024-01-28,3,SI,quantile,0.05,903.52
2024-01-17,ARI incidence,2024-01-28,3,SI,quantile,0.1,1069.39
2024-01-17,ARI incidence,2024-01-28,3,SI,quantile,0.15,1148.23
2024-01-17,ARI incidence,2024-01-28,3,SI,quantile,0.2,1210.26
2024-01-17,ARI incidence,2024-01-28,3,SI,quantile,0.25,1253.76
2024-01-17,ARI incidence,2024-01-28,3,SI,quantile,0.3,1311.77
2024-01-17,ARI incidence,2024-01-28,3,SI,quantile,0.35,1352.47
2024-01-17,ARI incidence,2024-01-28,3,SI,quantile,0.4,1424.45
2024-01-17,ARI incidence,2024-01-28,3,SI,quantile,0.45,1472.58
2024-01-17,ARI incidence,2024-01-28,3,SI,quantile,0.5,1517.24
2024-01-17,ARI incidence,2024-01-28,3,SI,quantile,0.55,1579.23
2024-01-17,ARI incidence,2024-01-28,3,SI,quantile,0.6,1645.93
2024-01-17,ARI incidence,2024-01-28,3,SI,quantile,0.65,1712.3
2024-01-17,ARI incidence,2024-01-28,3,SI,quantile,0.7,1773.71
2024-01-17,ARI incidence,2024-01-28,3,SI,quantile,0.75,1841.76
2024-01-17,ARI incidence,2024-01-28,3,SI,quantile,0.8,1921.05
2024-01-17,ARI incidence,2024-01-28,3,SI,quantile,0.85,1997.52
2024-01-17,ARI incidence,2024-01-28,3,SI,quantile,0.9,2089.31
2024-01-17,ARI incidence,2024-01-28,3,SI,quantile,0.95,2221.98
2024-01-17,ARI incidence,2024-01-28,3,SI,quantile,0.975,2381.01
2024-01-17,ARI incidence,2024-01-28,3,SI,quantile,0.99,2534.18
2024-01-17,ARI incidence,2024-01-28,3,SI,median,NA,1517.24
2024-01-17,ARI incidence,2024-02-04,4,SI,quantile,0.01,646.11
2024-01-17,ARI incidence,2024-02-04,4,SI,quantile,0.025,731.8
2024-01-17,ARI incidence,2024-02-04,4,SI,quantile,0.05,843.14
2024-01-17,ARI incidence,2024-02-04,4,SI,quantile,0.1,981.65
2024-01-17,ARI incidence,2024-02-04,4,SI,quantile,0.15,1107.47
2024-01-17,ARI incidence,2024-02-04,4,SI,quantile,0.2,1166.9
2024-01-17,ARI incidence,2024-02-04,4,SI,quantile,0.25,1238.84
2024-01-17,ARI incidence,2024-02-04,4,SI,quantile,0.3,1297.48
2024-01-17,ARI incidence,2024-02-04,4,SI,quantile,0.35,1371.54
2024-01-17,ARI incidence,2024-02-04,4,SI,quantile,0.4,1417.31
2024-01-17,ARI incidence,2024-02-04,4,SI,quantile,0.45,1480.9
2024-01-17,ARI incidence,2024-02-04,4,SI,quantile,0.5,1523.89
2024-01-17,ARI incidence,2024-02-04,4,SI,quantile,0.55,1581.8
2024-01-17,ARI incidence,2024-02-04,4,SI,quantile,0.6,1655.8
2024-01-17,ARI incidence,2024-02-04,4,SI,quantile,0.65,1718.91
2024-01-17,ARI incidence,2024-02-04,4,SI,quantile,0.7,1774.17
2024-01-17,ARI incidence,2024-02-04,4,SI,quantile,0.75,1861.46
2024-01-17,ARI incidence,2024-02-04,4,SI,quantile,0.8,1974.55
2024-01-17,ARI incidence,2024-02-04,4,SI,quantile,0.85,2078.79
2024-01-17,ARI incidence,2024-02-04,4,SI,quantile,0.9,2190.81
2024-01-17,ARI incidence,2024-02-04,4,SI,quantile,0.95,2344.13
2024-01-17,ARI incidence,2024-02-04,4,SI,quantile,0.975,2594.87
2024-01-17,ARI incidence,2024-02-04,4,SI,quantile,0.99,3006.82
2024-01-17,ARI incidence,2024-02-04,4,SI,median,NA,1523.89
